# t,lambda
8.000000000000000167e-02,9.949999999999999956e-01
8.500000000000000611e-02,9.949999999999999956e-01
9.000000000000001055e-02,9.949999999999999956e-01
9.500000000000001499e-02,9.949999999999999956e-01
1.000000000000000194e-01,9.949999999999999956e-01
1.050000000000000239e-01,9.949999999999999956e-01
1.100000000000000283e-01,9.949999999999999956e-01
1.150000000000000328e-01,9.949999999999999956e-01
1.200000000000000372e-01,9.949999999999999956e-01
1.250000000000000278e-01,9.949999999999999956e-01
1.300000000000000322e-01,9.949999999999999956e-01
1.350000000000000366e-01,9.949999999999999956e-01
1.400000000000000411e-01,9.949999999999999956e-01
1.400000000000000411e-01,9.899999999999999911e-01
1.450000000000000455e-01,9.949999999999999956e-01
1.450000000000000455e-01,9.899999999999999911e-01
1.500000000000000500e-01,9.949999999999999956e-01
1.500000000000000500e-01,9.899999999999999911e-01
1.550000000000000544e-01,9.949999999999999956e-01
1.550000000000000544e-01,9.899999999999999911e-01
1.600000000000000588e-01,9.899999999999999911e-01
1.650000000000000633e-01,9.899999999999999911e-01
1.700000000000000677e-01,9.899999999999999911e-01
1.750000000000000722e-01,9.899999999999999911e-01
1.800000000000000766e-01,9.899999999999999911e-01
1.850000000000000810e-01,9.899999999999999911e-01
1.900000000000000855e-01,9.899999999999999911e-01
1.900000000000000855e-01,9.849999999999999867e-01
1.950000000000000899e-01,9.899999999999999911e-01
1.950000000000000899e-01,9.849999999999999867e-01
2.000000000000000944e-01,9.899999999999999911e-01
2.000000000000000944e-01,9.849999999999999867e-01
2.050000000000000988e-01,9.849999999999999867e-01
2.100000000000001033e-01,9.849999999999999867e-01
2.150000000000001077e-01,9.849999999999999867e-01
2.200000000000001121e-01,9.849999999999999867e-01
2.250000000000001166e-01,9.849999999999999867e-01
2.300000000000001210e-01,9.849999999999999867e-01
2.350000000000001255e-01,9.799999999999999822e-01
2.350000000000001255e-01,9.849999999999999867e-01
2.400000000000001299e-01,9.799999999999999822e-01
2.400000000000001299e-01,9.849999999999999867e-01
2.450000000000001343e-01,9.799999999999999822e-01
2.500000000000001110e-01,9.799999999999999822e-01
2.550000000000001155e-01,9.799999999999999822e-01
2.600000000000001199e-01,9.799999999999999822e-01
2.650000000000001243e-01,9.799999999999999822e-01
2.700000000000001288e-01,9.799999999999999822e-01
2.750000000000001332e-01,9.749999999999999778e-01
2.750000000000001332e-01,9.799999999999999822e-01
2.800000000000001377e-01,9.749999999999999778e-01
2.800000000000001377e-01,9.799999999999999822e-01
2.850000000000001421e-01,9.749999999999999778e-01
2.900000000000001465e-01,9.749999999999999778e-01
2.950000000000001510e-01,9.749999999999999778e-01
3.000000000000001554e-01,9.749999999999999778e-01
3.050000000000001599e-01,9.749999999999999778e-01
3.100000000000001643e-01,9.749999999999999778e-01
3.100000000000001643e-01,9.699999999999999734e-01
3.150000000000001688e-01,9.749999999999999778e-01
3.150000000000001688e-01,9.699999999999999734e-01
3.200000000000001732e-01,9.699999999999999734e-01
3.250000000000001776e-01,9.699999999999999734e-01
3.300000000000001821e-01,9.699999999999999734e-01
3.350000000000001865e-01,9.699999999999999734e-01
3.400000000000001910e-01,9.699999999999999734e-01
3.450000000000001954e-01,9.649999999999999689e-01
3.450000000000001954e-01,9.699999999999999734e-01
3.500000000000001998e-01,9.649999999999999689e-01
3.500000000000001998e-01,9.699999999999999734e-01
3.550000000000002043e-01,9.649999999999999689e-01
3.600000000000002087e-01,9.649999999999999689e-01
3.650000000000002132e-01,9.649999999999999689e-01
3.700000000000002176e-01,9.649999999999999689e-01
3.750000000000002220e-01,9.649999999999999689e-01
3.800000000000002265e-01,9.599999999999999645e-01
3.800000000000002265e-01,9.649999999999999689e-01
3.850000000000002309e-01,9.599999999999999645e-01
3.850000000000002309e-01,9.649999999999999689e-01
3.900000000000002354e-01,9.599999999999999645e-01
3.950000000000002398e-01,9.599999999999999645e-01
4.000000000000002442e-01,9.599999999999999645e-01
4.050000000000002487e-01,9.599999999999999645e-01
4.100000000000002531e-01,9.549999999999999600e-01
4.100000000000002531e-01,9.599999999999999645e-01
4.150000000000002576e-01,9.549999999999999600e-01
4.150000000000002576e-01,9.599999999999999645e-01
4.200000000000002620e-01,9.549999999999999600e-01
4.250000000000002665e-01,9.549999999999999600e-01
4.300000000000002709e-01,9.549999999999999600e-01
4.350000000000002753e-01,9.549999999999999600e-01
4.400000000000002798e-01,9.549999999999999600e-01
4.400000000000002798e-01,9.499999999999999556e-01
4.450000000000002842e-01,9.549999999999999600e-01
4.450000000000002842e-01,9.499999999999999556e-01
4.500000000000002887e-01,9.499999999999999556e-01
4.550000000000002931e-01,9.499999999999999556e-01
4.600000000000002975e-01,9.499999999999999556e-01
4.650000000000003020e-01,9.499999999999999556e-01
4.700000000000003064e-01,9.449999999999999512e-01
4.700000000000003064e-01,9.499999999999999556e-01
4.750000000000003109e-01,9.449999999999999512e-01
4.750000000000003109e-01,9.499999999999999556e-01
4.800000000000003153e-01,9.449999999999999512e-01
4.850000000000003197e-01,9.449999999999999512e-01
4.900000000000003242e-01,9.449999999999999512e-01
4.950000000000003286e-01,9.449999999999999512e-01
5.000000000000003331e-01,9.399999999999999467e-01
5.000000000000003331e-01,9.449999999999999512e-01
5.050000000000003375e-01,9.399999999999999467e-01
5.050000000000003375e-01,9.449999999999999512e-01
5.100000000000003419e-01,9.399999999999999467e-01
5.150000000000003464e-01,9.399999999999999467e-01
5.200000000000003508e-01,9.399999999999999467e-01
5.250000000000003553e-01,9.399999999999999467e-01
5.300000000000003597e-01,9.399999999999999467e-01
5.300000000000003597e-01,9.349999999999999423e-01
5.350000000000003642e-01,9.399999999999999467e-01
5.350000000000003642e-01,9.349999999999999423e-01
5.400000000000003686e-01,9.349999999999999423e-01
5.450000000000003730e-01,9.349999999999999423e-01
5.500000000000003775e-01,9.349999999999999423e-01
5.550000000000003819e-01,9.349999999999999423e-01
5.600000000000003864e-01,9.349999999999999423e-01
5.600000000000003864e-01,9.299999999999999378e-01
5.650000000000003908e-01,9.299999999999999378e-01
5.700000000000003952e-01,9.299999999999999378e-01
5.750000000000003997e-01,9.299999999999999378e-01
5.800000000000004041e-01,9.299999999999999378e-01
5.850000000000004086e-01,9.249999999999999334e-01
5.850000000000004086e-01,9.299999999999999378e-01
5.900000000000004130e-01,9.249999999999999334e-01
5.900000000000004130e-01,9.299999999999999378e-01
5.950000000000004174e-01,9.249999999999999334e-01
6.000000000000004219e-01,9.249999999999999334e-01
6.050000000000004263e-01,9.249999999999999334e-01
6.100000000000004308e-01,9.199999999999999289e-01
6.100000000000004308e-01,9.249999999999999334e-01
6.150000000000004352e-01,9.199999999999999289e-01
6.150000000000004352e-01,9.249999999999999334e-01
6.200000000000004396e-01,9.199999999999999289e-01
6.250000000000004441e-01,9.199999999999999289e-01
6.300000000000004485e-01,9.199999999999999289e-01
6.350000000000004530e-01,9.199999999999999289e-01
6.400000000000004574e-01,9.199999999999999289e-01
6.400000000000004574e-01,9.149999999999999245e-01
6.450000000000004619e-01,9.149999999999999245e-01
6.500000000000004663e-01,9.149999999999999245e-01
6.550000000000004707e-01,9.149999999999999245e-01
6.600000000000004752e-01,9.149999999999999245e-01
6.650000000000004796e-01,9.099999999999999201e-01
6.650000000000004796e-01,9.149999999999999245e-01
6.700000000000004841e-01,9.099999999999999201e-01
6.750000000000004885e-01,9.099999999999999201e-01
6.800000000000004929e-01,9.099999999999999201e-01
6.850000000000004974e-01,9.099999999999999201e-01
6.900000000000005018e-01,9.049999999999999156e-01
6.900000000000005018e-01,9.099999999999999201e-01
6.950000000000005063e-01,9.049999999999999156e-01
6.950000000000005063e-01,9.099999999999999201e-01
7.000000000000005107e-01,9.049999999999999156e-01
7.050000000000005151e-01,9.049999999999999156e-01
7.100000000000005196e-01,9.049999999999999156e-01
7.150000000000005240e-01,9.049999999999999156e-01
7.150000000000005240e-01,8.999999999999999112e-01
7.200000000000005285e-01,9.049999999999999156e-01
7.200000000000005285e-01,8.999999999999999112e-01
7.250000000000005329e-01,8.999999999999999112e-01
7.300000000000005373e-01,8.999999999999999112e-01
7.350000000000005418e-01,8.999999999999999112e-01
7.400000000000005462e-01,8.949999999999999067e-01
7.400000000000005462e-01,8.999999999999999112e-01
7.450000000000005507e-01,8.949999999999999067e-01
7.450000000000005507e-01,8.999999999999999112e-01
7.500000000000005551e-01,8.949999999999999067e-01
7.550000000000005596e-01,8.949999999999999067e-01
7.600000000000005640e-01,8.949999999999999067e-01
7.650000000000005684e-01,8.899999999999999023e-01
7.650000000000005684e-01,8.949999999999999067e-01
7.700000000000005729e-01,8.899999999999999023e-01
7.700000000000005729e-01,8.949999999999999067e-01
7.750000000000005773e-01,8.899999999999999023e-01
7.800000000000005818e-01,8.899999999999999023e-01
7.850000000000005862e-01,8.899999999999999023e-01
7.900000000000005906e-01,8.849999999999998979e-01
7.900000000000005906e-01,8.899999999999999023e-01
7.950000000000005951e-01,8.849999999999998979e-01
8.000000000000005995e-01,8.849999999999998979e-01
8.050000000000006040e-01,8.849999999999998979e-01
8.100000000000006084e-01,8.849999999999998979e-01
8.150000000000006128e-01,8.849999999999998979e-01
8.150000000000006128e-01,8.799999999999998934e-01
8.200000000000006173e-01,8.799999999999998934e-01
8.250000000000006217e-01,8.799999999999998934e-01
8.300000000000006262e-01,8.799999999999998934e-01
8.350000000000006306e-01,8.799999999999998934e-01
8.400000000000006350e-01,8.799999999999998934e-01
8.400000000000006350e-01,8.749999999999998890e-01
8.450000000000006395e-01,8.749999999999998890e-01
8.500000000000006439e-01,8.749999999999998890e-01
8.550000000000006484e-01,8.749999999999998890e-01
8.600000000000006528e-01,8.699999999999998845e-01
8.600000000000006528e-01,8.749999999999998890e-01
8.650000000000006573e-01,8.699999999999998845e-01
8.650000000000006573e-01,8.749999999999998890e-01
8.700000000000006617e-01,8.699999999999998845e-01
8.750000000000006661e-01,8.699999999999998845e-01
8.800000000000006706e-01,8.699999999999998845e-01
8.850000000000006750e-01,8.699999999999998845e-01
8.850000000000006750e-01,8.649999999999998801e-01
8.900000000000006795e-01,8.649999999999998801e-01
8.950000000000006839e-01,8.649999999999998801e-01
9.000000000000006883e-01,8.649999999999998801e-01
9.050000000000006928e-01,8.649999999999998801e-01
9.100000000000006972e-01,8.649999999999998801e-01
9.100000000000006972e-01,8.599999999999998757e-01
9.150000000000007017e-01,8.599999999999998757e-01
9.200000000000007061e-01,8.599999999999998757e-01
9.250000000000007105e-01,8.599999999999998757e-01
9.300000000000007150e-01,8.549999999999998712e-01
9.300000000000007150e-01,8.599999999999998757e-01
9.350000000000007194e-01,8.549999999999998712e-01
9.350000000000007194e-01,8.599999999999998757e-01
9.400000000000007239e-01,8.549999999999998712e-01
9.450000000000007283e-01,8.549999999999998712e-01
9.500000000000007327e-01,8.549999999999998712e-01
9.550000000000007372e-01,8.499999999999998668e-01
9.550000000000007372e-01,8.549999999999998712e-01
9.600000000000007416e-01,8.499999999999998668e-01
9.650000000000007461e-01,8.499999999999998668e-01
9.700000000000007505e-01,8.499999999999998668e-01
9.750000000000007550e-01,8.499999999999998668e-01
9.800000000000007594e-01,8.499999999999998668e-01
9.800000000000007594e-01,8.449999999999998623e-01
9.850000000000007638e-01,8.449999999999998623e-01
9.900000000000007683e-01,8.449999999999998623e-01
9.950000000000007727e-01,8.449999999999998623e-01
1.000000000000000666e+00,8.399999999999998579e-01
1.000000000000000666e+00,8.449999999999998623e-01
1.005000000000000560e+00,8.399999999999998579e-01
1.010000000000000453e+00,8.399999999999998579e-01
1.015000000000000346e+00,8.399999999999998579e-01
1.020000000000000240e+00,8.399999999999998579e-01
1.025000000000000133e+00,8.349999999999998535e-01
1.025000000000000133e+00,8.399999999999998579e-01
1.030000000000000027e+00,8.349999999999998535e-01
1.034999999999999920e+00,8.349999999999998535e-01
1.039999999999999813e+00,8.349999999999998535e-01
1.044999999999999707e+00,8.349999999999998535e-01
1.044999999999999707e+00,8.299999999999998490e-01
1.049999999999999600e+00,8.299999999999998490e-01
1.054999999999999494e+00,8.299999999999998490e-01
1.059999999999999387e+00,8.299999999999998490e-01
1.064999999999999281e+00,8.299999999999998490e-01
1.069999999999999174e+00,8.299999999999998490e-01
1.069999999999999174e+00,8.249999999999998446e-01
1.074999999999999067e+00,8.249999999999998446e-01
1.079999999999998961e+00,8.249999999999998446e-01
1.084999999999998854e+00,8.249999999999998446e-01
1.089999999999998748e+00,8.199999999999998401e-01
1.089999999999998748e+00,8.249999999999998446e-01
1.094999999999998641e+00,8.199999999999998401e-01
1.099999999999998535e+00,8.199999999999998401e-01
1.104999999999998428e+00,8.199999999999998401e-01
1.109999999999998321e+00,8.149999999999998357e-01
1.109999999999998321e+00,8.199999999999998401e-01
1.114999999999998215e+00,8.149999999999998357e-01
1.114999999999998215e+00,8.199999999999998401e-01
1.119999999999998108e+00,8.149999999999998357e-01
1.124999999999998002e+00,8.149999999999998357e-01
1.129999999999997895e+00,8.149999999999998357e-01
1.134999999999997788e+00,8.149999999999998357e-01
1.134999999999997788e+00,8.099999999999998312e-01
1.139999999999997682e+00,8.099999999999998312e-01
1.144999999999997575e+00,8.099999999999998312e-01
1.149999999999997469e+00,8.099999999999998312e-01
1.154999999999997362e+00,8.099999999999998312e-01
1.154999999999997362e+00,8.049999999999998268e-01
1.159999999999997256e+00,8.049999999999998268e-01
1.164999999999997149e+00,8.049999999999998268e-01
1.169999999999997042e+00,8.049999999999998268e-01
1.174999999999996936e+00,7.999999999999998224e-01
1.174999999999996936e+00,8.049999999999998268e-01
1.179999999999996829e+00,7.999999999999998224e-01
1.179999999999996829e+00,8.049999999999998268e-01
1.184999999999996723e+00,7.999999999999998224e-01
1.189999999999996616e+00,7.999999999999998224e-01
1.194999999999996509e+00,7.999999999999998224e-01
1.199999999999996403e+00,7.949999999999998179e-01
1.199999999999996403e+00,7.999999999999998224e-01
1.204999999999996296e+00,7.949999999999998179e-01
1.209999999999996190e+00,7.949999999999998179e-01
1.214999999999996083e+00,7.949999999999998179e-01
1.219999999999995977e+00,7.949999999999998179e-01
1.219999999999995977e+00,7.899999999999998135e-01
1.224999999999995870e+00,7.899999999999998135e-01
1.229999999999995763e+00,7.899999999999998135e-01
1.234999999999995657e+00,7.899999999999998135e-01
1.239999999999995550e+00,7.849999999999998090e-01
1.239999999999995550e+00,7.899999999999998135e-01
1.244999999999995444e+00,7.849999999999998090e-01
1.249999999999995337e+00,7.849999999999998090e-01
1.254999999999995230e+00,7.849999999999998090e-01
1.259999999999995124e+00,7.799999999999998046e-01
1.259999999999995124e+00,7.849999999999998090e-01
1.264999999999995017e+00,7.799999999999998046e-01
1.264999999999995017e+00,7.849999999999998090e-01
1.269999999999994911e+00,7.799999999999998046e-01
1.274999999999994804e+00,7.799999999999998046e-01
1.279999999999994698e+00,7.799999999999998046e-01
1.284999999999994591e+00,7.749999999999998002e-01
1.284999999999994591e+00,7.799999999999998046e-01
1.289999999999994484e+00,7.749999999999998002e-01
1.294999999999994378e+00,7.749999999999998002e-01
1.299999999999994271e+00,7.749999999999998002e-01
1.304999999999994165e+00,7.749999999999998002e-01
1.304999999999994165e+00,7.699999999999997957e-01
1.309999999999994058e+00,7.699999999999997957e-01
1.314999999999993952e+00,7.699999999999997957e-01
1.319999999999993845e+00,7.699999999999997957e-01
1.324999999999993738e+00,7.649999999999997913e-01
1.324999999999993738e+00,7.699999999999997957e-01
1.329999999999993632e+00,7.649999999999997913e-01
1.334999999999993525e+00,7.649999999999997913e-01
1.339999999999993419e+00,7.649999999999997913e-01
1.344999999999993312e+00,7.599999999999997868e-01
1.344999999999993312e+00,7.649999999999997913e-01
1.349999999999993205e+00,7.599999999999997868e-01
1.354999999999993099e+00,7.599999999999997868e-01
1.359999999999992992e+00,7.599999999999997868e-01
1.364999999999992886e+00,7.599999999999997868e-01
1.364999999999992886e+00,7.549999999999997824e-01
1.369999999999992779e+00,7.549999999999997824e-01
1.374999999999992673e+00,7.549999999999997824e-01
1.379999999999992566e+00,7.549999999999997824e-01
1.384999999999992459e+00,7.499999999999997780e-01
1.384999999999992459e+00,7.549999999999997824e-01
1.389999999999992353e+00,7.499999999999997780e-01
1.389999999999992353e+00,7.549999999999997824e-01
1.394999999999992246e+00,7.499999999999997780e-01
1.399999999999992140e+00,7.499999999999997780e-01
1.404999999999992033e+00,7.499999999999997780e-01
1.409999999999991926e+00,7.449999999999997735e-01
1.409999999999991926e+00,7.499999999999997780e-01
1.414999999999991820e+00,7.449999999999997735e-01
1.419999999999991713e+00,7.449999999999997735e-01
1.424999999999991607e+00,7.449999999999997735e-01
1.429999999999991500e+00,7.449999999999997735e-01
1.429999999999991500e+00,7.399999999999997691e-01
1.434999999999991394e+00,7.399999999999997691e-01
1.439999999999991287e+00,7.399999999999997691e-01
1.444999999999991180e+00,7.399999999999997691e-01
1.449999999999991074e+00,7.399999999999997691e-01
1.449999999999991074e+00,7.349999999999997646e-01
1.454999999999990967e+00,9.949999999999999956e-01
1.454999999999990967e+00,7.349999999999997646e-01
1.459999999999990861e+00,9.949999999999999956e-01
1.459999999999990861e+00,7.349999999999997646e-01
1.464999999999990754e+00,9.949999999999999956e-01
1.464999999999990754e+00,7.349999999999997646e-01
1.469999999999990647e+00,9.949999999999999956e-01
1.469999999999990647e+00,7.299999999999997602e-01
1.469999999999990647e+00,7.349999999999997646e-01
1.474999999999990541e+00,9.949999999999999956e-01
1.474999999999990541e+00,7.299999999999997602e-01
1.479999999999990434e+00,9.949999999999999956e-01
1.479999999999990434e+00,7.299999999999997602e-01
1.484999999999990328e+00,9.949999999999999956e-01
1.484999999999990328e+00,7.299999999999997602e-01
1.489999999999990221e+00,9.949999999999999956e-01
1.489999999999990221e+00,7.249999999999997558e-01
1.489999999999990221e+00,7.299999999999997602e-01
1.494999999999990115e+00,9.949999999999999956e-01
1.494999999999990115e+00,7.249999999999997558e-01
1.499999999999990008e+00,9.949999999999999956e-01
1.499999999999990008e+00,7.249999999999997558e-01
1.504999999999989901e+00,9.949999999999999956e-01
1.504999999999989901e+00,7.249999999999997558e-01
1.509999999999989795e+00,9.949999999999999956e-01
1.509999999999989795e+00,7.249999999999997558e-01
1.509999999999989795e+00,7.199999999999997513e-01
1.514999999999989688e+00,9.949999999999999956e-01
1.514999999999989688e+00,7.199999999999997513e-01
1.519999999999989582e+00,9.949999999999999956e-01
1.519999999999989582e+00,7.199999999999997513e-01
1.524999999999989475e+00,9.949999999999999956e-01
1.524999999999989475e+00,7.199999999999997513e-01
1.529999999999989369e+00,9.949999999999999956e-01
1.529999999999989369e+00,7.149999999999997469e-01
1.529999999999989369e+00,7.199999999999997513e-01
1.534999999999989262e+00,9.949999999999999956e-01
1.534999999999989262e+00,7.149999999999997469e-01
1.539999999999989155e+00,9.949999999999999956e-01
1.539999999999989155e+00,7.149999999999997469e-01
1.544999999999989049e+00,9.949999999999999956e-01
1.544999999999989049e+00,7.149999999999997469e-01
1.549999999999988942e+00,9.949999999999999956e-01
1.549999999999988942e+00,7.099999999999997424e-01
1.549999999999988942e+00,7.149999999999997469e-01
1.554999999999988836e+00,9.949999999999999956e-01
1.554999999999988836e+00,7.099999999999997424e-01
1.559999999999988729e+00,9.949999999999999956e-01
1.559999999999988729e+00,7.099999999999997424e-01
1.564999999999988622e+00,9.949999999999999956e-01
1.564999999999988622e+00,7.099999999999997424e-01
1.569999999999988516e+00,9.949999999999999956e-01
1.569999999999988516e+00,7.099999999999997424e-01
1.569999999999988516e+00,7.049999999999997380e-01
1.574999999999988409e+00,9.949999999999999956e-01
1.574999999999988409e+00,7.049999999999997380e-01
1.579999999999988303e+00,9.949999999999999956e-01
1.579999999999988303e+00,7.049999999999997380e-01
1.584999999999988196e+00,9.949999999999999956e-01
1.584999999999988196e+00,7.049999999999997380e-01
1.589999999999988090e+00,9.949999999999999956e-01
1.589999999999988090e+00,7.049999999999997380e-01
1.589999999999988090e+00,6.999999999999997335e-01
1.594999999999987983e+00,9.949999999999999956e-01
1.594999999999987983e+00,6.999999999999997335e-01
1.599999999999987876e+00,9.949999999999999956e-01
1.599999999999987876e+00,9.899999999999999911e-01
1.599999999999987876e+00,6.999999999999997335e-01
1.604999999999987770e+00,9.949999999999999956e-01
1.604999999999987770e+00,9.899999999999999911e-01
1.604999999999987770e+00,6.999999999999997335e-01
1.609999999999987663e+00,9.949999999999999956e-01
1.609999999999987663e+00,9.899999999999999911e-01
1.609999999999987663e+00,6.949999999999997291e-01
1.609999999999987663e+00,6.999999999999997335e-01
1.614999999999987557e+00,9.949999999999999956e-01
1.614999999999987557e+00,9.899999999999999911e-01
1.614999999999987557e+00,6.949999999999997291e-01
1.619999999999987450e+00,9.949999999999999956e-01
1.619999999999987450e+00,9.899999999999999911e-01
1.619999999999987450e+00,6.949999999999997291e-01
1.624999999999987343e+00,9.949999999999999956e-01
1.624999999999987343e+00,9.899999999999999911e-01
1.624999999999987343e+00,6.949999999999997291e-01
1.629999999999987237e+00,9.949999999999999956e-01
1.629999999999987237e+00,9.899999999999999911e-01
1.629999999999987237e+00,6.899999999999997247e-01
1.629999999999987237e+00,6.949999999999997291e-01
1.634999999999987130e+00,9.949999999999999956e-01
1.634999999999987130e+00,9.899999999999999911e-01
1.634999999999987130e+00,6.899999999999997247e-01
1.639999999999987024e+00,9.899999999999999911e-01
1.639999999999987024e+00,6.899999999999997247e-01
1.644999999999986917e+00,9.899999999999999911e-01
1.644999999999986917e+00,6.899999999999997247e-01
1.649999999999986811e+00,9.899999999999999911e-01
1.649999999999986811e+00,6.899999999999997247e-01
1.649999999999986811e+00,6.849999999999997202e-01
1.654999999999986704e+00,9.899999999999999911e-01
1.654999999999986704e+00,6.849999999999997202e-01
1.659999999999986597e+00,9.899999999999999911e-01
1.659999999999986597e+00,6.849999999999997202e-01
1.664999999999986491e+00,9.899999999999999911e-01
1.664999999999986491e+00,6.849999999999997202e-01
1.669999999999986384e+00,9.899999999999999911e-01
1.669999999999986384e+00,6.849999999999997202e-01
1.669999999999986384e+00,6.799999999999997158e-01
1.674999999999986278e+00,9.899999999999999911e-01
1.674999999999986278e+00,6.799999999999997158e-01
1.679999999999986171e+00,9.899999999999999911e-01
1.679999999999986171e+00,6.799999999999997158e-01
1.684999999999986064e+00,9.899999999999999911e-01
1.684999999999986064e+00,6.799999999999997158e-01
1.689999999999985958e+00,9.899999999999999911e-01
1.689999999999985958e+00,6.749999999999997113e-01
1.689999999999985958e+00,6.799999999999997158e-01
1.694999999999985851e+00,9.899999999999999911e-01
1.694999999999985851e+00,6.749999999999997113e-01
1.699999999999985745e+00,9.899999999999999911e-01
1.699999999999985745e+00,6.749999999999997113e-01
1.704999999999985638e+00,9.899999999999999911e-01
1.704999999999985638e+00,6.749999999999997113e-01
1.709999999999985532e+00,9.899999999999999911e-01
1.709999999999985532e+00,6.749999999999997113e-01
1.709999999999985532e+00,6.699999999999997069e-01
1.714999999999985425e+00,9.899999999999999911e-01
1.714999999999985425e+00,6.699999999999997069e-01
1.714999999999985425e+00,9.849999999999999867e-01
1.719999999999985318e+00,9.899999999999999911e-01
1.719999999999985318e+00,6.699999999999997069e-01
1.719999999999985318e+00,9.849999999999999867e-01
1.724999999999985212e+00,9.899999999999999911e-01
1.724999999999985212e+00,6.699999999999997069e-01
1.724999999999985212e+00,9.849999999999999867e-01
1.729999999999985105e+00,9.899999999999999911e-01
1.729999999999985105e+00,6.699999999999997069e-01
1.729999999999985105e+00,9.849999999999999867e-01
1.729999999999985105e+00,6.649999999999997025e-01
1.734999999999984999e+00,9.899999999999999911e-01
1.734999999999984999e+00,9.849999999999999867e-01
1.734999999999984999e+00,6.649999999999997025e-01
1.739999999999984892e+00,9.899999999999999911e-01
1.739999999999984892e+00,6.649999999999997025e-01
1.739999999999984892e+00,9.849999999999999867e-01
1.744999999999984786e+00,6.649999999999997025e-01
1.744999999999984786e+00,9.849999999999999867e-01
1.744999999999984786e+00,6.599999999999996980e-01
1.749999999999984679e+00,9.849999999999999867e-01
1.749999999999984679e+00,6.599999999999996980e-01
1.754999999999984572e+00,6.599999999999996980e-01
1.754999999999984572e+00,9.849999999999999867e-01
1.759999999999984466e+00,6.599999999999996980e-01
1.759999999999984466e+00,9.849999999999999867e-01
1.764999999999984359e+00,6.599999999999996980e-01
1.764999999999984359e+00,9.849999999999999867e-01
1.764999999999984359e+00,6.549999999999996936e-01
1.769999999999984253e+00,9.849999999999999867e-01
1.769999999999984253e+00,6.549999999999996936e-01
1.774999999999984146e+00,6.549999999999996936e-01
1.774999999999984146e+00,9.849999999999999867e-01
1.779999999999984039e+00,6.549999999999996936e-01
1.779999999999984039e+00,9.849999999999999867e-01
1.784999999999983933e+00,6.549999999999996936e-01
1.784999999999983933e+00,9.849999999999999867e-01
1.784999999999983933e+00,6.499999999999996891e-01
1.789999999999983826e+00,9.849999999999999867e-01
1.789999999999983826e+00,6.499999999999996891e-01
1.794999999999983720e+00,6.499999999999996891e-01
1.794999999999983720e+00,9.849999999999999867e-01
1.799999999999983613e+00,6.499999999999996891e-01
1.799999999999983613e+00,9.849999999999999867e-01
1.804999999999983507e+00,6.499999999999996891e-01
1.804999999999983507e+00,9.849999999999999867e-01
1.804999999999983507e+00,6.449999999999996847e-01
1.809999999999983400e+00,9.849999999999999867e-01
1.809999999999983400e+00,6.449999999999996847e-01
1.814999999999983293e+00,9.799999999999999822e-01
1.814999999999983293e+00,6.449999999999996847e-01
1.814999999999983293e+00,9.849999999999999867e-01
1.819999999999983187e+00,9.799999999999999822e-01
1.819999999999983187e+00,9.849999999999999867e-01
1.819999999999983187e+00,6.449999999999996847e-01
1.824999999999983080e+00,9.799999999999999822e-01
1.824999999999983080e+00,9.849999999999999867e-01
1.824999999999983080e+00,6.449999999999996847e-01
1.824999999999983080e+00,6.399999999999996803e-01
1.829999999999982974e+00,9.799999999999999822e-01
1.829999999999982974e+00,9.849999999999999867e-01
1.829999999999982974e+00,6.399999999999996803e-01
1.834999999999982867e+00,9.799999999999999822e-01
1.834999999999982867e+00,9.849999999999999867e-01
1.834999999999982867e+00,6.399999999999996803e-01
1.839999999999982760e+00,9.799999999999999822e-01
1.839999999999982760e+00,6.399999999999996803e-01
1.844999999999982654e+00,6.399999999999996803e-01
1.844999999999982654e+00,9.799999999999999822e-01
1.844999999999982654e+00,6.349999999999996758e-01
1.849999999999982547e+00,9.799999999999999822e-01
1.849999999999982547e+00,6.349999999999996758e-01
1.854999999999982441e+00,9.799999999999999822e-01
1.854999999999982441e+00,6.349999999999996758e-01
1.859999999999982334e+00,9.799999999999999822e-01
1.859999999999982334e+00,6.349999999999996758e-01
1.864999999999982228e+00,9.799999999999999822e-01
1.864999999999982228e+00,6.349999999999996758e-01
1.864999999999982228e+00,6.299999999999996714e-01
1.869999999999982121e+00,9.799999999999999822e-01
1.869999999999982121e+00,6.299999999999996714e-01
1.874999999999982014e+00,9.799999999999999822e-01
1.874999999999982014e+00,6.299999999999996714e-01
1.879999999999981908e+00,9.799999999999999822e-01
1.879999999999981908e+00,6.299999999999996714e-01
1.879999999999981908e+00,6.249999999999996669e-01
1.884999999999981801e+00,9.799999999999999822e-01
1.884999999999981801e+00,6.249999999999996669e-01
1.889999999999981695e+00,9.799999999999999822e-01
1.889999999999981695e+00,6.249999999999996669e-01
1.894999999999981588e+00,9.799999999999999822e-01
1.894999999999981588e+00,6.249999999999996669e-01
1.899999999999981481e+00,9.749999999999999778e-01
1.899999999999981481e+00,9.799999999999999822e-01
1.899999999999981481e+00,6.249999999999996669e-01
1.899999999999981481e+00,6.199999999999996625e-01
1.904999999999981375e+00,9.749999999999999778e-01
1.904999999999981375e+00,9.799999999999999822e-01
1.904999999999981375e+00,6.199999999999996625e-01
1.909999999999981268e+00,9.749999999999999778e-01
1.909999999999981268e+00,9.799999999999999822e-01
1.909999999999981268e+00,6.199999999999996625e-01
1.914999999999981162e+00,9.749999999999999778e-01
1.914999999999981162e+00,9.799999999999999822e-01
1.914999999999981162e+00,6.199999999999996625e-01
1.919999999999981055e+00,9.749999999999999778e-01
1.919999999999981055e+00,6.199999999999996625e-01
1.919999999999981055e+00,6.149999999999996581e-01
1.924999999999980949e+00,9.749999999999999778e-01
1.924999999999980949e+00,6.149999999999996581e-01
1.929999999999980842e+00,9.749999999999999778e-01
1.929999999999980842e+00,6.149999999999996581e-01
1.934999999999980735e+00,9.749999999999999778e-01
1.934999999999980735e+00,6.149999999999996581e-01
1.939999999999980629e+00,9.749999999999999778e-01
1.939999999999980629e+00,6.149999999999996581e-01
1.939999999999980629e+00,6.099999999999996536e-01
1.944999999999980522e+00,9.749999999999999778e-01
1.944999999999980522e+00,6.099999999999996536e-01
1.949999999999980416e+00,9.749999999999999778e-01
1.949999999999980416e+00,6.099999999999996536e-01
1.954999999999980309e+00,9.749999999999999778e-01
1.954999999999980309e+00,6.099999999999996536e-01
1.959999999999980203e+00,9.749999999999999778e-01
1.959999999999980203e+00,6.099999999999996536e-01
1.959999999999980203e+00,6.049999999999996492e-01
1.964999999999980096e+00,9.749999999999999778e-01
1.964999999999980096e+00,6.049999999999996492e-01
1.969999999999979989e+00,9.749999999999999778e-01
1.969999999999979989e+00,6.049999999999996492e-01
1.974999999999979883e+00,9.749999999999999778e-01
1.974999999999979883e+00,6.049999999999996492e-01
1.974999999999979883e+00,9.699999999999999734e-01
1.979999999999979776e+00,9.749999999999999778e-01
1.979999999999979776e+00,9.699999999999999734e-01
1.979999999999979776e+00,5.999999999999996447e-01
1.984999999999979670e+00,9.749999999999999778e-01
1.984999999999979670e+00,9.699999999999999734e-01
1.984999999999979670e+00,5.999999999999996447e-01
1.989999999999979563e+00,9.749999999999999778e-01
1.989999999999979563e+00,9.699999999999999734e-01
1.989999999999979563e+00,5.999999999999996447e-01
1.994999999999979456e+00,9.749999999999999778e-01
1.994999999999979456e+00,9.699999999999999734e-01
1.994999999999979456e+00,5.999999999999996447e-01
1.994999999999979456e+00,5.949999999999996403e-01
1.999999999999979350e+00,9.699999999999999734e-01
1.999999999999979350e+00,5.949999999999996403e-01
2.004999999999979465e+00,5.949999999999996403e-01
2.004999999999979465e+00,9.699999999999999734e-01
2.009999999999979359e+00,5.949999999999996403e-01
2.009999999999979359e+00,9.699999999999999734e-01
2.014999999999979252e+00,5.949999999999996403e-01
2.014999999999979252e+00,9.699999999999999734e-01
2.014999999999979252e+00,5.899999999999996358e-01
2.019999999999979146e+00,9.699999999999999734e-01
2.019999999999979146e+00,5.899999999999996358e-01
2.024999999999979039e+00,5.899999999999996358e-01
2.024999999999979039e+00,9.699999999999999734e-01
2.029999999999978932e+00,5.899999999999996358e-01
2.029999999999978932e+00,9.699999999999999734e-01
2.034999999999978826e+00,5.899999999999996358e-01
2.034999999999978826e+00,9.699999999999999734e-01
2.034999999999978826e+00,5.849999999999996314e-01
2.039999999999978719e+00,9.699999999999999734e-01
2.039999999999978719e+00,5.849999999999996314e-01
2.044999999999978613e+00,5.849999999999996314e-01
2.044999999999978613e+00,9.699999999999999734e-01
2.049999999999978506e+00,5.849999999999996314e-01
2.049999999999978506e+00,9.649999999999999689e-01
2.049999999999978506e+00,9.699999999999999734e-01
2.054999999999978400e+00,9.649999999999999689e-01
2.054999999999978400e+00,9.699999999999999734e-01
2.054999999999978400e+00,5.799999999999996270e-01
2.059999999999978293e+00,9.649999999999999689e-01
2.059999999999978293e+00,9.699999999999999734e-01
2.059999999999978293e+00,5.799999999999996270e-01
2.064999999999978186e+00,9.649999999999999689e-01
2.064999999999978186e+00,9.699999999999999734e-01
2.064999999999978186e+00,5.799999999999996270e-01
2.069999999999978080e+00,9.649999999999999689e-01
2.069999999999978080e+00,5.799999999999996270e-01
2.069999999999978080e+00,5.749999999999996225e-01
2.074999999999977973e+00,9.649999999999999689e-01
2.074999999999977973e+00,5.749999999999996225e-01
2.079999999999977867e+00,5.749999999999996225e-01
2.079999999999977867e+00,9.649999999999999689e-01
2.084999999999977760e+00,5.749999999999996225e-01
2.084999999999977760e+00,9.649999999999999689e-01
2.089999999999977653e+00,5.749999999999996225e-01
2.089999999999977653e+00,9.649999999999999689e-01
2.089999999999977653e+00,5.699999999999996181e-01
2.094999999999977547e+00,9.649999999999999689e-01
2.094999999999977547e+00,5.699999999999996181e-01
2.099999999999977440e+00,5.699999999999996181e-01
2.099999999999977440e+00,9.649999999999999689e-01
2.104999999999977334e+00,5.699999999999996181e-01
2.104999999999977334e+00,9.649999999999999689e-01
2.109999999999977227e+00,5.699999999999996181e-01
2.109999999999977227e+00,9.649999999999999689e-01
2.109999999999977227e+00,5.649999999999996136e-01
2.114999999999977121e+00,9.599999999999999645e-01
2.114999999999977121e+00,9.649999999999999689e-01
2.114999999999977121e+00,5.649999999999996136e-01
2.119999999999977014e+00,9.599999999999999645e-01
2.119999999999977014e+00,9.649999999999999689e-01
2.119999999999977014e+00,5.649999999999996136e-01
2.124999999999976907e+00,9.599999999999999645e-01
2.124999999999976907e+00,9.649999999999999689e-01
2.124999999999976907e+00,5.649999999999996136e-01
2.129999999999976801e+00,9.599999999999999645e-01
2.129999999999976801e+00,9.649999999999999689e-01
2.129999999999976801e+00,5.599999999999996092e-01
2.134999999999976694e+00,9.599999999999999645e-01
2.134999999999976694e+00,5.599999999999996092e-01
2.139999999999976588e+00,5.599999999999996092e-01
2.139999999999976588e+00,9.599999999999999645e-01
2.144999999999976481e+00,5.599999999999996092e-01
2.144999999999976481e+00,9.599999999999999645e-01
2.144999999999976481e+00,5.549999999999996048e-01
2.149999999999976374e+00,9.599999999999999645e-01
2.149999999999976374e+00,5.549999999999996048e-01
2.154999999999976268e+00,9.599999999999999645e-01
2.154999999999976268e+00,5.549999999999996048e-01
2.159999999999976161e+00,9.599999999999999645e-01
2.159999999999976161e+00,5.549999999999996048e-01
2.164999999999976055e+00,9.599999999999999645e-01
2.164999999999976055e+00,5.549999999999996048e-01
2.164999999999976055e+00,5.499999999999996003e-01
2.169999999999975948e+00,9.599999999999999645e-01
2.169999999999975948e+00,5.499999999999996003e-01
2.174999999999975842e+00,5.499999999999996003e-01
2.174999999999975842e+00,9.599999999999999645e-01
2.179999999999975735e+00,5.499999999999996003e-01
2.179999999999975735e+00,9.549999999999999600e-01
2.179999999999975735e+00,9.599999999999999645e-01
2.184999999999975628e+00,9.549999999999999600e-01
2.184999999999975628e+00,9.599999999999999645e-01
2.184999999999975628e+00,5.499999999999996003e-01
2.184999999999975628e+00,5.449999999999995959e-01
2.189999999999975522e+00,9.549999999999999600e-01
2.189999999999975522e+00,9.599999999999999645e-01
2.189999999999975522e+00,5.449999999999995959e-01
2.194999999999975415e+00,9.549999999999999600e-01
2.194999999999975415e+00,5.449999999999995959e-01
2.199999999999975309e+00,9.549999999999999600e-01
2.199999999999975309e+00,5.449999999999995959e-01
2.199999999999975309e+00,5.399999999999995914e-01
2.204999999999975202e+00,9.549999999999999600e-01
2.204999999999975202e+00,5.399999999999995914e-01
2.209999999999975095e+00,9.549999999999999600e-01
2.209999999999975095e+00,5.399999999999995914e-01
2.214999999999974989e+00,9.549999999999999600e-01
2.214999999999974989e+00,5.399999999999995914e-01
2.219999999999974882e+00,9.549999999999999600e-01
2.219999999999974882e+00,5.399999999999995914e-01
2.219999999999974882e+00,5.349999999999995870e-01
2.224999999999974776e+00,9.549999999999999600e-01
2.224999999999974776e+00,5.349999999999995870e-01
2.229999999999974669e+00,9.549999999999999600e-01
2.229999999999974669e+00,5.349999999999995870e-01
2.234999999999974563e+00,9.549999999999999600e-01
2.234999999999974563e+00,5.349999999999995870e-01
2.239999999999974456e+00,9.549999999999999600e-01
2.239999999999974456e+00,5.349999999999995870e-01
2.239999999999974456e+00,9.499999999999999556e-01
2.239999999999974456e+00,5.299999999999995826e-01
2.244999999999974349e+00,9.549999999999999600e-01
2.244999999999974349e+00,9.499999999999999556e-01
2.244999999999974349e+00,5.299999999999995826e-01
2.249999999999974243e+00,9.549999999999999600e-01
2.249999999999974243e+00,9.499999999999999556e-01
2.249999999999974243e+00,5.299999999999995826e-01
2.254999999999974136e+00,9.499999999999999556e-01
2.254999999999974136e+00,5.299999999999995826e-01
2.254999999999974136e+00,5.249999999999995781e-01
2.259999999999974030e+00,9.499999999999999556e-01
2.259999999999974030e+00,5.249999999999995781e-01
2.264999999999973923e+00,5.249999999999995781e-01
2.264999999999973923e+00,9.499999999999999556e-01
2.269999999999973817e+00,5.249999999999995781e-01
2.269999999999973817e+00,9.499999999999999556e-01
2.274999999999973710e+00,5.249999999999995781e-01
2.274999999999973710e+00,9.499999999999999556e-01
2.274999999999973710e+00,5.199999999999995737e-01
2.279999999999973603e+00,9.499999999999999556e-01
2.279999999999973603e+00,5.199999999999995737e-01
2.284999999999973497e+00,5.199999999999995737e-01
2.284999999999973497e+00,9.499999999999999556e-01
2.289999999999973390e+00,5.199999999999995737e-01
2.289999999999973390e+00,9.499999999999999556e-01
2.294999999999973284e+00,5.199999999999995737e-01
2.294999999999973284e+00,9.499999999999999556e-01
2.294999999999973284e+00,5.149999999999995692e-01
2.299999999999973177e+00,9.449999999999999512e-01
2.299999999999973177e+00,9.499999999999999556e-01
2.299999999999973177e+00,5.149999999999995692e-01
2.304999999999973070e+00,9.449999999999999512e-01
2.304999999999973070e+00,9.499999999999999556e-01
2.304999999999973070e+00,5.149999999999995692e-01
2.309999999999972964e+00,9.449999999999999512e-01
2.309999999999972964e+00,9.499999999999999556e-01
2.309999999999972964e+00,5.149999999999995692e-01
2.314999999999972857e+00,9.449999999999999512e-01
2.314999999999972857e+00,5.099999999999995648e-01
2.319999999999972751e+00,9.449999999999999512e-01
2.319999999999972751e+00,5.099999999999995648e-01
2.324999999999972644e+00,9.449999999999999512e-01
2.324999999999972644e+00,5.099999999999995648e-01
2.329999999999972538e+00,9.449999999999999512e-01
2.329999999999972538e+00,5.099999999999995648e-01
2.329999999999972538e+00,5.049999999999995604e-01
2.334999999999972431e+00,9.449999999999999512e-01
2.334999999999972431e+00,5.049999999999995604e-01
2.339999999999972324e+00,9.449999999999999512e-01
2.339999999999972324e+00,5.049999999999995604e-01
2.344999999999972218e+00,9.449999999999999512e-01
2.344999999999972218e+00,5.049999999999995604e-01
2.349999999999972111e+00,9.449999999999999512e-01
2.349999999999972111e+00,5.049999999999995604e-01
2.349999999999972111e+00,4.999999999999995559e-01
2.354999999999972005e+00,9.399999999999999467e-01
2.354999999999972005e+00,9.449999999999999512e-01
2.354999999999972005e+00,4.999999999999995559e-01
2.359999999999971898e+00,9.399999999999999467e-01
2.359999999999971898e+00,9.449999999999999512e-01
2.359999999999971898e+00,4.999999999999995559e-01
2.364999999999971791e+00,9.399999999999999467e-01
2.364999999999971791e+00,9.449999999999999512e-01
2.364999999999971791e+00,4.999999999999995559e-01
2.364999999999971791e+00,4.949999999999995515e-01
2.369999999999971685e+00,9.399999999999999467e-01
2.369999999999971685e+00,4.949999999999995515e-01
2.374999999999971578e+00,4.949999999999995515e-01
2.374999999999971578e+00,9.399999999999999467e-01
2.379999999999971472e+00,4.949999999999995515e-01
2.379999999999971472e+00,9.399999999999999467e-01
2.384999999999971365e+00,4.949999999999995515e-01
2.384999999999971365e+00,9.399999999999999467e-01
2.384999999999971365e+00,4.899999999999995470e-01
2.389999999999971259e+00,9.399999999999999467e-01
2.389999999999971259e+00,4.899999999999995470e-01
2.394999999999971152e+00,9.399999999999999467e-01
2.394999999999971152e+00,4.899999999999995470e-01
2.399999999999971045e+00,9.399999999999999467e-01
2.399999999999971045e+00,4.899999999999995470e-01
2.404999999999970939e+00,9.399999999999999467e-01
2.404999999999970939e+00,4.899999999999995470e-01
2.404999999999970939e+00,4.849999999999995426e-01
2.409999999999970832e+00,9.399999999999999467e-01
2.409999999999970832e+00,9.349999999999999423e-01
2.409999999999970832e+00,4.849999999999995426e-01
2.414999999999970726e+00,9.399999999999999467e-01
2.414999999999970726e+00,9.349999999999999423e-01
2.414999999999970726e+00,4.849999999999995426e-01
2.419999999999970619e+00,9.399999999999999467e-01
2.419999999999970619e+00,9.349999999999999423e-01
2.419999999999970619e+00,4.849999999999995426e-01
2.419999999999970619e+00,4.799999999999995381e-01
2.424999999999970512e+00,9.349999999999999423e-01
2.424999999999970512e+00,4.799999999999995381e-01
2.429999999999970406e+00,4.799999999999995381e-01
2.429999999999970406e+00,9.349999999999999423e-01
2.434999999999970299e+00,4.799999999999995381e-01
2.434999999999970299e+00,9.349999999999999423e-01
2.439999999999970193e+00,4.799999999999995381e-01
2.439999999999970193e+00,9.349999999999999423e-01
2.439999999999970193e+00,4.749999999999995337e-01
2.444999999999970086e+00,9.349999999999999423e-01
2.444999999999970086e+00,4.749999999999995337e-01
2.449999999999969980e+00,4.749999999999995337e-01
2.449999999999969980e+00,9.349999999999999423e-01
2.454999999999969873e+00,4.749999999999995337e-01
2.454999999999969873e+00,9.349999999999999423e-01
2.459999999999969766e+00,9.349999999999999423e-01
2.459999999999969766e+00,9.299999999999999378e-01
2.459999999999969766e+00,4.699999999999995293e-01
2.464999999999969660e+00,9.349999999999999423e-01
2.464999999999969660e+00,9.299999999999999378e-01
2.464999999999969660e+00,4.699999999999995293e-01
2.469999999999969553e+00,9.349999999999999423e-01
2.469999999999969553e+00,9.299999999999999378e-01
2.469999999999969553e+00,4.699999999999995293e-01
2.474999999999969447e+00,9.299999999999999378e-01
2.474999999999969447e+00,4.699999999999995293e-01
2.474999999999969447e+00,4.649999999999995248e-01
2.479999999999969340e+00,9.299999999999999378e-01
2.479999999999969340e+00,4.649999999999995248e-01
2.484999999999969233e+00,4.649999999999995248e-01
2.484999999999969233e+00,9.299999999999999378e-01
2.489999999999969127e+00,4.649999999999995248e-01
2.489999999999969127e+00,9.299999999999999378e-01
2.494999999999969020e+00,4.649999999999995248e-01
2.494999999999969020e+00,9.299999999999999378e-01
2.494999999999969020e+00,4.599999999999995204e-01
2.499999999999968914e+00,9.299999999999999378e-01
2.499999999999968914e+00,4.599999999999995204e-01
2.504999999999968807e+00,4.599999999999995204e-01
2.504999999999968807e+00,9.299999999999999378e-01
2.509999999999968701e+00,4.599999999999995204e-01
2.509999999999968701e+00,9.249999999999999334e-01
2.509999999999968701e+00,9.299999999999999378e-01
2.509999999999968701e+00,4.549999999999995159e-01
2.514999999999968594e+00,9.249999999999999334e-01
2.514999999999968594e+00,9.299999999999999378e-01
2.514999999999968594e+00,4.549999999999995159e-01
2.519999999999968487e+00,9.249999999999999334e-01
2.519999999999968487e+00,9.299999999999999378e-01
2.519999999999968487e+00,4.549999999999995159e-01
2.524999999999968381e+00,9.249999999999999334e-01
2.524999999999968381e+00,4.549999999999995159e-01
2.529999999999968274e+00,9.249999999999999334e-01
2.529999999999968274e+00,4.549999999999995159e-01
2.529999999999968274e+00,4.499999999999995115e-01
2.534999999999968168e+00,9.249999999999999334e-01
2.534999999999968168e+00,4.499999999999995115e-01
2.539999999999968061e+00,9.249999999999999334e-01
2.539999999999968061e+00,4.499999999999995115e-01
2.544999999999967955e+00,9.249999999999999334e-01
2.544999999999967955e+00,4.499999999999995115e-01
2.549999999999967848e+00,9.249999999999999334e-01
2.549999999999967848e+00,4.449999999999995071e-01
2.554999999999967741e+00,9.249999999999999334e-01
2.554999999999967741e+00,4.449999999999995071e-01
2.559999999999967635e+00,9.199999999999999289e-01
2.559999999999967635e+00,9.249999999999999334e-01
2.559999999999967635e+00,4.449999999999995071e-01
2.564999999999967528e+00,9.199999999999999289e-01
2.564999999999967528e+00,9.249999999999999334e-01
2.564999999999967528e+00,4.449999999999995071e-01
2.564999999999967528e+00,4.399999999999995026e-01
2.569999999999967422e+00,9.199999999999999289e-01
2.569999999999967422e+00,9.249999999999999334e-01
2.569999999999967422e+00,4.399999999999995026e-01
2.574999999999967315e+00,9.199999999999999289e-01
2.574999999999967315e+00,4.399999999999995026e-01
2.579999999999967208e+00,9.199999999999999289e-01
2.579999999999967208e+00,4.399999999999995026e-01
2.584999999999967102e+00,9.199999999999999289e-01
2.584999999999967102e+00,4.399999999999995026e-01
2.584999999999967102e+00,4.349999999999994982e-01
2.589999999999966995e+00,9.199999999999999289e-01
2.589999999999966995e+00,4.349999999999994982e-01
2.594999999999966889e+00,9.199999999999999289e-01
2.594999999999966889e+00,4.349999999999994982e-01
2.599999999999966782e+00,9.199999999999999289e-01
2.599999999999966782e+00,4.349999999999994982e-01
2.599999999999966782e+00,4.299999999999994937e-01
2.604999999999966676e+00,9.199999999999999289e-01
2.604999999999966676e+00,4.299999999999994937e-01
2.609999999999966569e+00,9.199999999999999289e-01
2.609999999999966569e+00,4.299999999999994937e-01
2.609999999999966569e+00,9.149999999999999245e-01
2.614999999999966462e+00,9.199999999999999289e-01
2.614999999999966462e+00,9.149999999999999245e-01
2.614999999999966462e+00,4.299999999999994937e-01
2.619999999999966356e+00,9.149999999999999245e-01
2.619999999999966356e+00,4.299999999999994937e-01
2.619999999999966356e+00,4.249999999999994893e-01
2.624999999999966249e+00,9.149999999999999245e-01
2.624999999999966249e+00,4.249999999999994893e-01
2.629999999999966143e+00,4.249999999999994893e-01
2.629999999999966143e+00,9.149999999999999245e-01
2.634999999999966036e+00,4.249999999999994893e-01
2.634999999999966036e+00,9.149999999999999245e-01
2.639999999999965929e+00,9.149999999999999245e-01
2.639999999999965929e+00,4.199999999999994849e-01
2.644999999999965823e+00,4.199999999999994849e-01
2.644999999999965823e+00,9.149999999999999245e-01
2.649999999999965716e+00,4.199999999999994849e-01
2.649999999999965716e+00,9.149999999999999245e-01
2.654999999999965610e+00,4.199999999999994849e-01
2.654999999999965610e+00,9.099999999999999201e-01
2.654999999999965610e+00,9.149999999999999245e-01
2.654999999999965610e+00,4.149999999999994804e-01
2.659999999999965503e+00,9.099999999999999201e-01
2.659999999999965503e+00,9.149999999999999245e-01
2.659999999999965503e+00,4.149999999999994804e-01
2.664999999999965397e+00,9.099999999999999201e-01
2.664999999999965397e+00,9.149999999999999245e-01
2.664999999999965397e+00,4.149999999999994804e-01
2.669999999999965290e+00,9.099999999999999201e-01
2.669999999999965290e+00,4.149999999999994804e-01
2.674999999999965183e+00,9.099999999999999201e-01
2.674999999999965183e+00,4.099999999999994760e-01
2.679999999999965077e+00,4.099999999999994760e-01
2.679999999999965077e+00,9.099999999999999201e-01
2.684999999999964970e+00,4.099999999999994760e-01
2.684999999999964970e+00,9.099999999999999201e-01
2.689999999999964864e+00,4.099999999999994760e-01
2.689999999999964864e+00,9.099999999999999201e-01
2.689999999999964864e+00,4.049999999999994715e-01
2.694999999999964757e+00,9.099999999999999201e-01
2.694999999999964757e+00,4.049999999999994715e-01
2.699999999999964650e+00,4.049999999999994715e-01
2.699999999999964650e+00,9.049999999999999156e-01
2.699999999999964650e+00,9.099999999999999201e-01
2.704999999999964544e+00,9.049999999999999156e-01
2.704999999999964544e+00,9.099999999999999201e-01
2.704999999999964544e+00,4.049999999999994715e-01
2.709999999999964437e+00,9.049999999999999156e-01
2.709999999999964437e+00,9.099999999999999201e-01
2.709999999999964437e+00,4.049999999999994715e-01
2.709999999999964437e+00,3.999999999999994671e-01
2.714999999999964331e+00,9.049999999999999156e-01
2.714999999999964331e+00,3.999999999999994671e-01
2.719999999999964224e+00,3.999999999999994671e-01
2.719999999999964224e+00,9.049999999999999156e-01
2.724999999999964118e+00,3.999999999999994671e-01
2.724999999999964118e+00,9.049999999999999156e-01
2.724999999999964118e+00,3.949999999999994627e-01
2.729999999999964011e+00,9.049999999999999156e-01
2.729999999999964011e+00,3.949999999999994627e-01
2.734999999999963904e+00,9.049999999999999156e-01
2.734999999999963904e+00,3.949999999999994627e-01
2.739999999999963798e+00,9.049999999999999156e-01
2.739999999999963798e+00,3.949999999999994627e-01
2.744999999999963691e+00,9.049999999999999156e-01
2.744999999999963691e+00,3.949999999999994627e-01
2.744999999999963691e+00,8.999999999999999112e-01
2.744999999999963691e+00,3.899999999999994582e-01
2.749999999999963585e+00,9.049999999999999156e-01
2.749999999999963585e+00,8.999999999999999112e-01
2.749999999999963585e+00,3.899999999999994582e-01
2.754999999999963478e+00,9.049999999999999156e-01
2.754999999999963478e+00,8.999999999999999112e-01
2.754999999999963478e+00,3.899999999999994582e-01
2.759999999999963372e+00,8.999999999999999112e-01
2.759999999999963372e+00,3.899999999999994582e-01
2.759999999999963372e+00,3.849999999999994538e-01
2.764999999999963265e+00,8.999999999999999112e-01
2.764999999999963265e+00,3.849999999999994538e-01
2.769999999999963158e+00,3.849999999999994538e-01
2.769999999999963158e+00,8.999999999999999112e-01
2.774999999999963052e+00,3.849999999999994538e-01
2.774999999999963052e+00,8.999999999999999112e-01
2.779999999999962945e+00,3.849999999999994538e-01
2.779999999999962945e+00,8.999999999999999112e-01
2.779999999999962945e+00,3.799999999999994493e-01
2.784999999999962839e+00,8.999999999999999112e-01
2.784999999999962839e+00,3.799999999999994493e-01
2.789999999999962732e+00,3.799999999999994493e-01
2.789999999999962732e+00,8.949999999999999067e-01
2.789999999999962732e+00,8.999999999999999112e-01
2.794999999999962625e+00,8.949999999999999067e-01
2.794999999999962625e+00,8.999999999999999112e-01
2.794999999999962625e+00,3.799999999999994493e-01
2.799999999999962519e+00,8.949999999999999067e-01
2.799999999999962519e+00,3.749999999999994449e-01
2.804999999999962412e+00,3.749999999999994449e-01
2.804999999999962412e+00,8.949999999999999067e-01
2.809999999999962306e+00,3.749999999999994449e-01
2.809999999999962306e+00,8.949999999999999067e-01
2.814999999999962199e+00,3.749999999999994449e-01
2.814999999999962199e+00,8.949999999999999067e-01
2.814999999999962199e+00,3.699999999999994404e-01
2.819999999999962093e+00,8.949999999999999067e-01
2.819999999999962093e+00,3.699999999999994404e-01
2.824999999999961986e+00,3.699999999999994404e-01
2.824999999999961986e+00,8.949999999999999067e-01
2.829999999999961879e+00,3.699999999999994404e-01
2.829999999999961879e+00,8.949999999999999067e-01
2.834999999999961773e+00,8.899999999999999023e-01
2.834999999999961773e+00,8.949999999999999067e-01
2.834999999999961773e+00,3.649999999999994360e-01
2.839999999999961666e+00,8.899999999999999023e-01
2.839999999999961666e+00,8.949999999999999067e-01
2.839999999999961666e+00,3.649999999999994360e-01
2.844999999999961560e+00,8.899999999999999023e-01
2.844999999999961560e+00,3.649999999999994360e-01
2.849999999999961453e+00,8.899999999999999023e-01
2.849999999999961453e+00,3.649999999999994360e-01
2.849999999999961453e+00,3.599999999999994316e-01
2.854999999999961346e+00,8.899999999999999023e-01
2.854999999999961346e+00,3.599999999999994316e-01
2.859999999999961240e+00,8.899999999999999023e-01
2.859999999999961240e+00,3.599999999999994316e-01
2.864999999999961133e+00,8.899999999999999023e-01
2.864999999999961133e+00,3.599999999999994316e-01
2.869999999999961027e+00,8.899999999999999023e-01
2.869999999999961027e+00,3.549999999999994271e-01
2.874999999999960920e+00,3.549999999999994271e-01
2.874999999999960920e+00,8.899999999999999023e-01
2.879999999999960814e+00,8.849999999999998979e-01
2.879999999999960814e+00,3.549999999999994271e-01
2.879999999999960814e+00,8.899999999999999023e-01
2.884999999999960707e+00,8.849999999999998979e-01
2.884999999999960707e+00,8.899999999999999023e-01
2.884999999999960707e+00,3.549999999999994271e-01
2.884999999999960707e+00,3.499999999999994227e-01
2.889999999999960600e+00,8.849999999999998979e-01
2.889999999999960600e+00,3.499999999999994227e-01
2.894999999999960494e+00,8.849999999999998979e-01
2.894999999999960494e+00,3.499999999999994227e-01
2.899999999999960387e+00,8.849999999999998979e-01
2.899999999999960387e+00,3.499999999999994227e-01
2.904999999999960281e+00,8.849999999999998979e-01
2.904999999999960281e+00,3.449999999999994182e-01
2.909999999999960174e+00,8.849999999999998979e-01
2.909999999999960174e+00,3.449999999999994182e-01
2.914999999999960067e+00,8.849999999999998979e-01
2.914999999999960067e+00,3.449999999999994182e-01
2.919999999999959961e+00,8.849999999999998979e-01
2.919999999999959961e+00,8.799999999999998934e-01
2.919999999999959961e+00,3.449999999999994182e-01
2.919999999999959961e+00,3.399999999999994138e-01
2.924999999999959854e+00,8.849999999999998979e-01
2.924999999999959854e+00,8.799999999999998934e-01
2.924999999999959854e+00,3.399999999999994138e-01
2.929999999999959748e+00,8.799999999999998934e-01
2.929999999999959748e+00,3.399999999999994138e-01
2.934999999999959641e+00,8.799999999999998934e-01
2.934999999999959641e+00,3.399999999999994138e-01
2.939999999999959535e+00,8.799999999999998934e-01
2.939999999999959535e+00,3.349999999999994094e-01
2.944999999999959428e+00,3.349999999999994094e-01
2.944999999999959428e+00,8.799999999999998934e-01
2.949999999999959321e+00,3.349999999999994094e-01
2.949999999999959321e+00,8.799999999999998934e-01
2.954999999999959215e+00,3.349999999999994094e-01
2.954999999999959215e+00,8.799999999999998934e-01
2.954999999999959215e+00,3.299999999999994049e-01
2.959999999999959108e+00,8.799999999999998934e-01
2.959999999999959108e+00,8.749999999999998890e-01
2.959999999999959108e+00,3.299999999999994049e-01
2.964999999999959002e+00,8.799999999999998934e-01
2.964999999999959002e+00,8.749999999999998890e-01
2.964999999999959002e+00,3.299999999999994049e-01
2.969999999999958895e+00,8.749999999999998890e-01
2.969999999999958895e+00,3.299999999999994049e-01
2.974999999999958789e+00,8.749999999999998890e-01
2.974999999999958789e+00,3.249999999999994005e-01
2.979999999999958682e+00,8.749999999999998890e-01
2.979999999999958682e+00,3.249999999999994005e-01
2.984999999999958575e+00,8.749999999999998890e-01
2.984999999999958575e+00,3.249999999999994005e-01
2.989999999999958469e+00,8.749999999999998890e-01
2.989999999999958469e+00,3.249999999999994005e-01
2.989999999999958469e+00,3.199999999999993960e-01
2.994999999999958362e+00,8.749999999999998890e-01
2.994999999999958362e+00,3.199999999999993960e-01
2.999999999999958256e+00,8.699999999999998845e-01
2.999999999999958256e+00,3.199999999999993960e-01
2.999999999999958256e+00,8.749999999999998890e-01
3.004999999999958149e+00,8.699999999999998845e-01
3.004999999999958149e+00,8.749999999999998890e-01
3.004999999999958149e+00,3.199999999999993960e-01
3.009999999999958042e+00,8.699999999999998845e-01
3.009999999999958042e+00,3.149999999999993916e-01
3.014999999999957936e+00,3.149999999999993916e-01
3.014999999999957936e+00,8.699999999999998845e-01
3.019999999999957829e+00,3.149999999999993916e-01
3.019999999999957829e+00,8.699999999999998845e-01
3.024999999999957723e+00,3.149999999999993916e-01
3.024999999999957723e+00,8.699999999999998845e-01
3.024999999999957723e+00,3.099999999999993872e-01
3.029999999999957616e+00,8.699999999999998845e-01
3.029999999999957616e+00,3.099999999999993872e-01
3.034999999999957510e+00,8.699999999999998845e-01
3.034999999999957510e+00,3.099999999999993872e-01
3.039999999999957403e+00,8.699999999999998845e-01
3.039999999999957403e+00,8.649999999999998801e-01
3.039999999999957403e+00,3.099999999999993872e-01
3.044999999999957296e+00,8.699999999999998845e-01
3.044999999999957296e+00,8.649999999999998801e-01
3.044999999999957296e+00,3.049999999999993827e-01
3.049999999999957190e+00,8.649999999999998801e-01
3.049999999999957190e+00,3.049999999999993827e-01
3.054999999999957083e+00,3.049999999999993827e-01
3.054999999999957083e+00,8.649999999999998801e-01
3.059999999999956977e+00,3.049999999999993827e-01
3.059999999999956977e+00,8.649999999999998801e-01
3.059999999999956977e+00,2.999999999999993783e-01
3.064999999999956870e+00,8.649999999999998801e-01
3.064999999999956870e+00,2.999999999999993783e-01
3.069999999999956763e+00,2.999999999999993783e-01
3.069999999999956763e+00,8.649999999999998801e-01
3.074999999999956657e+00,2.999999999999993783e-01
3.074999999999956657e+00,8.649999999999998801e-01
3.079999999999956550e+00,8.649999999999998801e-01
3.079999999999956550e+00,8.599999999999998757e-01
3.079999999999956550e+00,2.949999999999993738e-01
3.084999999999956444e+00,8.649999999999998801e-01
3.084999999999956444e+00,8.599999999999998757e-01
3.084999999999956444e+00,2.949999999999993738e-01
3.089999999999956337e+00,8.599999999999998757e-01
3.089999999999956337e+00,2.949999999999993738e-01
3.094999999999956231e+00,2.949999999999993738e-01
3.094999999999956231e+00,8.599999999999998757e-01
3.094999999999956231e+00,2.899999999999993694e-01
3.099999999999956124e+00,8.599999999999998757e-01
3.099999999999956124e+00,2.899999999999993694e-01
3.104999999999956017e+00,2.899999999999993694e-01
3.104999999999956017e+00,8.599999999999998757e-01
3.109999999999955911e+00,2.899999999999993694e-01
3.109999999999955911e+00,8.599999999999998757e-01
3.114999999999955804e+00,8.599999999999998757e-01
3.114999999999955804e+00,2.849999999999993650e-01
3.119999999999955698e+00,2.849999999999993650e-01
3.119999999999955698e+00,8.549999999999998712e-01
3.119999999999955698e+00,8.599999999999998757e-01
3.124999999999955591e+00,8.549999999999998712e-01
3.124999999999955591e+00,8.599999999999998757e-01
3.124999999999955591e+00,2.849999999999993650e-01
3.129999999999955484e+00,8.549999999999998712e-01
3.129999999999955484e+00,2.849999999999993650e-01
3.129999999999955484e+00,2.799999999999993605e-01
3.134999999999955378e+00,8.549999999999998712e-01
3.134999999999955378e+00,2.799999999999993605e-01
3.139999999999955271e+00,8.549999999999998712e-01
3.139999999999955271e+00,2.799999999999993605e-01
3.144999999999955165e+00,8.549999999999998712e-01
3.144999999999955165e+00,2.799999999999993605e-01
3.144999999999955165e+00,2.749999999999993561e-01
3.149999999999955058e+00,8.549999999999998712e-01
3.149999999999955058e+00,2.749999999999993561e-01
3.154999999999954952e+00,8.549999999999998712e-01
3.154999999999954952e+00,2.749999999999993561e-01
3.159999999999954845e+00,8.499999999999998668e-01
3.159999999999954845e+00,8.549999999999998712e-01
3.159999999999954845e+00,2.749999999999993561e-01
3.164999999999954738e+00,8.499999999999998668e-01
3.164999999999954738e+00,8.549999999999998712e-01
3.164999999999954738e+00,2.749999999999993561e-01
3.164999999999954738e+00,2.699999999999993516e-01
3.169999999999954632e+00,8.499999999999998668e-01
3.169999999999954632e+00,2.699999999999993516e-01
3.174999999999954525e+00,8.499999999999998668e-01
3.174999999999954525e+00,2.699999999999993516e-01
3.179999999999954419e+00,8.499999999999998668e-01
3.179999999999954419e+00,2.699999999999993516e-01
3.179999999999954419e+00,2.649999999999993472e-01
3.184999999999954312e+00,8.499999999999998668e-01
3.184999999999954312e+00,2.649999999999993472e-01
3.189999999999954206e+00,8.499999999999998668e-01
3.189999999999954206e+00,2.649999999999993472e-01
3.194999999999954099e+00,8.499999999999998668e-01
3.194999999999954099e+00,2.649999999999993472e-01
3.194999999999954099e+00,8.449999999999998623e-01
3.199999999999953992e+00,8.499999999999998668e-01
3.199999999999953992e+00,8.449999999999998623e-01
3.199999999999953992e+00,2.599999999999993427e-01
3.204999999999953886e+00,8.449999999999998623e-01
3.204999999999953886e+00,2.599999999999993427e-01
3.209999999999953779e+00,2.599999999999993427e-01
3.209999999999953779e+00,8.449999999999998623e-01
3.214999999999953673e+00,2.599999999999993427e-01
3.214999999999953673e+00,8.449999999999998623e-01
3.214999999999953673e+00,2.549999999999993383e-01
3.219999999999953566e+00,8.449999999999998623e-01
3.219999999999953566e+00,2.549999999999993383e-01
3.224999999999953459e+00,2.549999999999993383e-01
3.224999999999953459e+00,8.449999999999998623e-01
3.229999999999953353e+00,2.549999999999993383e-01
3.229999999999953353e+00,8.449999999999998623e-01
3.234999999999953246e+00,8.399999999999998579e-01
3.234999999999953246e+00,8.449999999999998623e-01
3.234999999999953246e+00,2.499999999999993339e-01
3.239999999999953140e+00,8.399999999999998579e-01
3.239999999999953140e+00,8.449999999999998623e-01
3.239999999999953140e+00,2.499999999999993339e-01
3.244999999999953033e+00,8.399999999999998579e-01
3.244999999999953033e+00,2.499999999999993339e-01
3.249999999999952927e+00,2.499999999999993339e-01
3.249999999999952927e+00,8.399999999999998579e-01
3.249999999999952927e+00,2.449999999999993294e-01
3.254999999999952820e+00,9.949999999999999956e-01
3.254999999999952820e+00,8.399999999999998579e-01
3.254999999999952820e+00,2.449999999999993294e-01
3.259999999999952713e+00,9.949999999999999956e-01
3.259999999999952713e+00,2.449999999999993294e-01
3.259999999999952713e+00,8.399999999999998579e-01
3.264999999999952607e+00,9.949999999999999956e-01
3.264999999999952607e+00,2.449999999999993294e-01
3.264999999999952607e+00,8.399999999999998579e-01
3.269999999999952500e+00,9.949999999999999956e-01
3.269999999999952500e+00,8.349999999999998535e-01
3.269999999999952500e+00,8.399999999999998579e-01
3.269999999999952500e+00,2.399999999999993250e-01
3.274999999999952394e+00,9.949999999999999956e-01
3.274999999999952394e+00,8.349999999999998535e-01
3.274999999999952394e+00,8.399999999999998579e-01
3.274999999999952394e+00,2.399999999999993250e-01
3.279999999999952287e+00,9.949999999999999956e-01
3.279999999999952287e+00,8.349999999999998535e-01
3.279999999999952287e+00,2.399999999999993250e-01
3.284999999999952180e+00,9.949999999999999956e-01
3.284999999999952180e+00,8.349999999999998535e-01
3.284999999999952180e+00,2.399999999999993250e-01
3.284999999999952180e+00,2.349999999999993205e-01
3.289999999999952074e+00,9.949999999999999956e-01
3.289999999999952074e+00,8.349999999999998535e-01
3.289999999999952074e+00,2.349999999999993205e-01
3.294999999999951967e+00,9.949999999999999956e-01
3.294999999999951967e+00,8.349999999999998535e-01
3.294999999999951967e+00,2.349999999999993205e-01
3.299999999999951861e+00,9.949999999999999956e-01
3.299999999999951861e+00,8.349999999999998535e-01
3.299999999999951861e+00,2.349999999999993205e-01
3.299999999999951861e+00,2.299999999999993161e-01
3.304999999999951754e+00,9.949999999999999956e-01
3.304999999999951754e+00,8.349999999999998535e-01
3.304999999999951754e+00,2.299999999999993161e-01
3.309999999999951648e+00,9.949999999999999956e-01
3.309999999999951648e+00,8.349999999999998535e-01
3.309999999999951648e+00,8.299999999999998490e-01
3.309999999999951648e+00,2.299999999999993161e-01
3.314999999999951541e+00,9.949999999999999956e-01
3.314999999999951541e+00,8.299999999999998490e-01
3.314999999999951541e+00,2.299999999999993161e-01
3.319999999999951434e+00,9.949999999999999956e-01
3.319999999999951434e+00,8.299999999999998490e-01
3.319999999999951434e+00,2.299999999999993161e-01
3.319999999999951434e+00,2.249999999999993117e-01
3.324999999999951328e+00,9.949999999999999956e-01
3.324999999999951328e+00,8.299999999999998490e-01
3.324999999999951328e+00,2.249999999999993117e-01
3.329999999999951221e+00,9.949999999999999956e-01
3.329999999999951221e+00,8.299999999999998490e-01
3.329999999999951221e+00,2.249999999999993117e-01
3.334999999999951115e+00,9.949999999999999956e-01
3.334999999999951115e+00,8.299999999999998490e-01
3.334999999999951115e+00,2.249999999999993117e-01
3.334999999999951115e+00,2.199999999999993072e-01
3.339999999999951008e+00,9.949999999999999956e-01
3.339999999999951008e+00,8.299999999999998490e-01
3.339999999999951008e+00,2.199999999999993072e-01
3.344999999999950901e+00,9.949999999999999956e-01
3.344999999999950901e+00,2.199999999999993072e-01
3.344999999999950901e+00,8.299999999999998490e-01
3.344999999999950901e+00,8.249999999999998446e-01
3.349999999999950795e+00,9.949999999999999956e-01
3.349999999999950795e+00,8.299999999999998490e-01
3.349999999999950795e+00,8.249999999999998446e-01
3.349999999999950795e+00,2.199999999999993072e-01
3.354999999999950688e+00,9.949999999999999956e-01
3.354999999999950688e+00,8.249999999999998446e-01
3.354999999999950688e+00,2.149999999999993028e-01
3.359999999999950582e+00,9.949999999999999956e-01
3.359999999999950582e+00,2.149999999999993028e-01
3.359999999999950582e+00,8.249999999999998446e-01
3.364999999999950475e+00,9.949999999999999956e-01
3.364999999999950475e+00,2.149999999999993028e-01
3.364999999999950475e+00,8.249999999999998446e-01
3.369999999999950369e+00,9.949999999999999956e-01
3.369999999999950369e+00,2.149999999999993028e-01
3.369999999999950369e+00,8.249999999999998446e-01
3.369999999999950369e+00,2.099999999999992983e-01
3.374999999999950262e+00,9.949999999999999956e-01
3.374999999999950262e+00,8.249999999999998446e-01
3.374999999999950262e+00,2.099999999999992983e-01
3.379999999999950155e+00,9.949999999999999956e-01
3.379999999999950155e+00,2.099999999999992983e-01
3.379999999999950155e+00,8.199999999999998401e-01
3.379999999999950155e+00,8.249999999999998446e-01
3.384999999999950049e+00,9.949999999999999956e-01
3.384999999999950049e+00,8.199999999999998401e-01
3.384999999999950049e+00,8.249999999999998446e-01
3.384999999999950049e+00,2.099999999999992983e-01
3.389999999999949942e+00,9.949999999999999956e-01
3.389999999999949942e+00,8.199999999999998401e-01
3.389999999999949942e+00,2.049999999999992939e-01
3.394999999999949836e+00,9.949999999999999956e-01
3.394999999999949836e+00,8.199999999999998401e-01
3.394999999999949836e+00,2.049999999999992939e-01
3.399999999999949729e+00,9.949999999999999956e-01
3.399999999999949729e+00,8.199999999999998401e-01
3.399999999999949729e+00,2.049999999999992939e-01
3.404999999999949623e+00,9.949999999999999956e-01
3.404999999999949623e+00,8.199999999999998401e-01
3.404999999999949623e+00,2.049999999999992939e-01
3.404999999999949623e+00,1.999999999999992895e-01
3.409999999999949516e+00,9.949999999999999956e-01
3.409999999999949516e+00,8.199999999999998401e-01
3.409999999999949516e+00,1.999999999999992895e-01
3.414999999999949409e+00,9.949999999999999956e-01
3.414999999999949409e+00,8.149999999999998357e-01
3.414999999999949409e+00,8.199999999999998401e-01
3.414999999999949409e+00,1.999999999999992895e-01
3.419999999999949303e+00,9.949999999999999956e-01
3.419999999999949303e+00,8.149999999999998357e-01
3.419999999999949303e+00,8.199999999999998401e-01
3.419999999999949303e+00,1.999999999999992895e-01
3.419999999999949303e+00,1.949999999999992850e-01
3.424999999999949196e+00,9.949999999999999956e-01
3.424999999999949196e+00,8.149999999999998357e-01
3.424999999999949196e+00,1.949999999999992850e-01
3.429999999999949090e+00,9.949999999999999956e-01
3.429999999999949090e+00,8.149999999999998357e-01
3.429999999999949090e+00,1.949999999999992850e-01
3.434999999999948983e+00,9.949999999999999956e-01
3.434999999999948983e+00,8.149999999999998357e-01
3.434999999999948983e+00,1.949999999999992850e-01
3.439999999999948876e+00,9.949999999999999956e-01
3.439999999999948876e+00,8.149999999999998357e-01
3.439999999999948876e+00,1.899999999999992806e-01
3.444999999999948770e+00,9.949999999999999956e-01
3.444999999999948770e+00,8.149999999999998357e-01
3.444999999999948770e+00,1.899999999999992806e-01
3.449999999999948663e+00,9.949999999999999956e-01
3.449999999999948663e+00,9.899999999999999911e-01
3.449999999999948663e+00,8.149999999999998357e-01
3.449999999999948663e+00,8.099999999999998312e-01
3.449999999999948663e+00,1.899999999999992806e-01
3.454999999999948557e+00,9.949999999999999956e-01
3.454999999999948557e+00,9.899999999999999911e-01
3.454999999999948557e+00,8.149999999999998357e-01
3.454999999999948557e+00,8.099999999999998312e-01
3.454999999999948557e+00,1.899999999999992806e-01
3.454999999999948557e+00,1.849999999999992761e-01
3.459999999999948450e+00,9.949999999999999956e-01
3.459999999999948450e+00,9.899999999999999911e-01
3.459999999999948450e+00,8.099999999999998312e-01
3.459999999999948450e+00,1.849999999999992761e-01
3.464999999999948344e+00,9.949999999999999956e-01
3.464999999999948344e+00,9.899999999999999911e-01
3.464999999999948344e+00,8.099999999999998312e-01
3.464999999999948344e+00,1.849999999999992761e-01
3.469999999999948237e+00,9.949999999999999956e-01
3.469999999999948237e+00,9.899999999999999911e-01
3.469999999999948237e+00,8.099999999999998312e-01
3.469999999999948237e+00,1.849999999999992761e-01
3.474999999999948130e+00,9.949999999999999956e-01
3.474999999999948130e+00,9.899999999999999911e-01
3.474999999999948130e+00,8.099999999999998312e-01
3.474999999999948130e+00,1.799999999999992717e-01
3.479999999999948024e+00,9.949999999999999956e-01
3.479999999999948024e+00,9.899999999999999911e-01
3.479999999999948024e+00,8.099999999999998312e-01
3.479999999999948024e+00,1.799999999999992717e-01
3.484999999999947917e+00,9.949999999999999956e-01
3.484999999999947917e+00,9.899999999999999911e-01
3.484999999999947917e+00,8.099999999999998312e-01
3.484999999999947917e+00,8.049999999999998268e-01
3.484999999999947917e+00,1.799999999999992717e-01
3.489999999999947811e+00,9.949999999999999956e-01
3.489999999999947811e+00,9.899999999999999911e-01
3.489999999999947811e+00,8.099999999999998312e-01
3.489999999999947811e+00,8.049999999999998268e-01
3.489999999999947811e+00,1.799999999999992717e-01
3.489999999999947811e+00,1.749999999999992673e-01
3.494999999999947704e+00,9.899999999999999911e-01
3.494999999999947704e+00,8.049999999999998268e-01
3.494999999999947704e+00,1.749999999999992673e-01
3.499999999999947597e+00,9.899999999999999911e-01
3.499999999999947597e+00,8.049999999999998268e-01
3.499999999999947597e+00,1.749999999999992673e-01
3.504999999999947491e+00,9.899999999999999911e-01
3.504999999999947491e+00,8.049999999999998268e-01
3.504999999999947491e+00,1.749999999999992673e-01
3.504999999999947491e+00,1.699999999999992628e-01
3.509999999999947384e+00,9.899999999999999911e-01
3.509999999999947384e+00,8.049999999999998268e-01
3.509999999999947384e+00,1.699999999999992628e-01
3.514999999999947278e+00,9.899999999999999911e-01
3.514999999999947278e+00,8.049999999999998268e-01
3.514999999999947278e+00,1.699999999999992628e-01
3.519999999999947171e+00,9.899999999999999911e-01
3.519999999999947171e+00,7.999999999999998224e-01
3.519999999999947171e+00,8.049999999999998268e-01
3.519999999999947171e+00,1.699999999999992628e-01
3.524999999999947065e+00,9.899999999999999911e-01
3.524999999999947065e+00,7.999999999999998224e-01
3.524999999999947065e+00,8.049999999999998268e-01
3.524999999999947065e+00,1.649999999999992584e-01
3.529999999999946958e+00,9.899999999999999911e-01
3.529999999999946958e+00,7.999999999999998224e-01
3.529999999999946958e+00,1.649999999999992584e-01
3.534999999999946851e+00,9.899999999999999911e-01
3.534999999999946851e+00,7.999999999999998224e-01
3.534999999999946851e+00,1.649999999999992584e-01
3.539999999999946745e+00,9.899999999999999911e-01
3.539999999999946745e+00,7.999999999999998224e-01
3.539999999999946745e+00,1.649999999999992584e-01
3.539999999999946745e+00,1.599999999999992539e-01
3.544999999999946638e+00,9.899999999999999911e-01
3.544999999999946638e+00,7.999999999999998224e-01
3.544999999999946638e+00,1.599999999999992539e-01
3.549999999999946532e+00,9.899999999999999911e-01
3.549999999999946532e+00,7.999999999999998224e-01
3.549999999999946532e+00,1.599999999999992539e-01
3.554999999999946425e+00,9.899999999999999911e-01
3.554999999999946425e+00,7.949999999999998179e-01
3.554999999999946425e+00,7.999999999999998224e-01
3.554999999999946425e+00,1.599999999999992539e-01
3.559999999999946318e+00,9.899999999999999911e-01
3.559999999999946318e+00,7.949999999999998179e-01
3.559999999999946318e+00,7.999999999999998224e-01
3.559999999999946318e+00,1.549999999999992495e-01
3.564999999999946212e+00,9.899999999999999911e-01
3.564999999999946212e+00,7.949999999999998179e-01
3.564999999999946212e+00,1.549999999999992495e-01
3.569999999999946105e+00,9.899999999999999911e-01
3.569999999999946105e+00,7.949999999999998179e-01
3.569999999999946105e+00,1.549999999999992495e-01
3.574999999999945999e+00,9.899999999999999911e-01
3.574999999999945999e+00,7.949999999999998179e-01
3.574999999999945999e+00,1.549999999999992495e-01
3.574999999999945999e+00,1.499999999999992450e-01
3.579999999999945892e+00,9.899999999999999911e-01
3.579999999999945892e+00,7.949999999999998179e-01
3.579999999999945892e+00,1.499999999999992450e-01
3.584999999999945786e+00,9.899999999999999911e-01
3.584999999999945786e+00,7.949999999999998179e-01
3.584999999999945786e+00,1.499999999999992450e-01
3.589999999999945679e+00,9.899999999999999911e-01
3.589999999999945679e+00,7.949999999999998179e-01
3.589999999999945679e+00,7.899999999999998135e-01
3.589999999999945679e+00,1.499999999999992450e-01
3.589999999999945679e+00,1.449999999999992406e-01
3.594999999999945572e+00,9.899999999999999911e-01
3.594999999999945572e+00,7.949999999999998179e-01
3.594999999999945572e+00,7.899999999999998135e-01
3.594999999999945572e+00,1.449999999999992406e-01
3.599999999999945466e+00,9.899999999999999911e-01
3.599999999999945466e+00,7.899999999999998135e-01
3.599999999999945466e+00,9.849999999999999867e-01
3.599999999999945466e+00,1.449999999999992406e-01
3.604999999999945359e+00,9.899999999999999911e-01
3.604999999999945359e+00,7.899999999999998135e-01
3.604999999999945359e+00,9.849999999999999867e-01
3.604999999999945359e+00,1.449999999999992406e-01
3.609999999999945253e+00,9.899999999999999911e-01
3.609999999999945253e+00,7.899999999999998135e-01
3.609999999999945253e+00,9.849999999999999867e-01
3.609999999999945253e+00,1.399999999999992362e-01
3.614999999999945146e+00,9.899999999999999911e-01
3.614999999999945146e+00,7.899999999999998135e-01
3.614999999999945146e+00,9.849999999999999867e-01
3.614999999999945146e+00,1.399999999999992362e-01
3.619999999999945040e+00,9.899999999999999911e-01
3.619999999999945040e+00,7.899999999999998135e-01
3.619999999999945040e+00,9.849999999999999867e-01
3.619999999999945040e+00,1.399999999999992362e-01
3.624999999999944933e+00,9.899999999999999911e-01
3.624999999999944933e+00,7.899999999999998135e-01
3.624999999999944933e+00,9.849999999999999867e-01
3.624999999999944933e+00,7.849999999999998090e-01
3.624999999999944933e+00,1.399999999999992362e-01
3.624999999999944933e+00,1.349999999999992317e-01
3.629999999999944826e+00,9.899999999999999911e-01
3.629999999999944826e+00,9.849999999999999867e-01
3.629999999999944826e+00,7.849999999999998090e-01
3.629999999999944826e+00,1.349999999999992317e-01
3.634999999999944720e+00,9.899999999999999911e-01
3.634999999999944720e+00,7.849999999999998090e-01
3.634999999999944720e+00,9.849999999999999867e-01
3.634999999999944720e+00,1.349999999999992317e-01
3.639999999999944613e+00,7.849999999999998090e-01
3.639999999999944613e+00,9.849999999999999867e-01
3.639999999999944613e+00,1.349999999999992317e-01
3.644999999999944507e+00,7.849999999999998090e-01
3.644999999999944507e+00,9.849999999999999867e-01
3.644999999999944507e+00,1.299999999999992273e-01
3.649999999999944400e+00,7.849999999999998090e-01
3.649999999999944400e+00,9.849999999999999867e-01
3.649999999999944400e+00,1.299999999999992273e-01
3.654999999999944293e+00,7.849999999999998090e-01
3.654999999999944293e+00,9.849999999999999867e-01
3.654999999999944293e+00,1.299999999999992273e-01
3.659999999999944187e+00,7.849999999999998090e-01
3.659999999999944187e+00,9.849999999999999867e-01
3.659999999999944187e+00,7.799999999999998046e-01
3.659999999999944187e+00,1.299999999999992273e-01
3.659999999999944187e+00,1.249999999999992228e-01
3.664999999999944080e+00,9.849999999999999867e-01
3.664999999999944080e+00,7.799999999999998046e-01
3.664999999999944080e+00,1.249999999999992228e-01
3.669999999999943974e+00,7.799999999999998046e-01
3.669999999999943974e+00,9.849999999999999867e-01
3.669999999999943974e+00,1.249999999999992228e-01
3.674999999999943867e+00,7.799999999999998046e-01
3.674999999999943867e+00,9.849999999999999867e-01
3.674999999999943867e+00,1.249999999999992228e-01
3.674999999999943867e+00,1.199999999999992184e-01
3.679999999999943761e+00,7.799999999999998046e-01
3.679999999999943761e+00,9.849999999999999867e-01
3.679999999999943761e+00,1.199999999999992184e-01
3.684999999999943654e+00,7.799999999999998046e-01
3.684999999999943654e+00,9.849999999999999867e-01
3.684999999999943654e+00,1.199999999999992184e-01
3.689999999999943547e+00,7.799999999999998046e-01
3.689999999999943547e+00,9.849999999999999867e-01
3.689999999999943547e+00,7.749999999999998002e-01
3.689999999999943547e+00,1.199999999999992184e-01
3.694999999999943441e+00,7.799999999999998046e-01
3.694999999999943441e+00,9.849999999999999867e-01
3.694999999999943441e+00,7.749999999999998002e-01
3.694999999999943441e+00,1.149999999999992140e-01
3.699999999999943334e+00,9.849999999999999867e-01
3.699999999999943334e+00,7.749999999999998002e-01
3.699999999999943334e+00,1.149999999999992140e-01
3.704999999999943228e+00,7.749999999999998002e-01
3.704999999999943228e+00,9.849999999999999867e-01
3.704999999999943228e+00,1.149999999999992140e-01
3.709999999999943121e+00,7.749999999999998002e-01
3.709999999999943121e+00,9.849999999999999867e-01
3.709999999999943121e+00,1.149999999999992140e-01
3.709999999999943121e+00,1.099999999999992095e-01
3.714999999999943014e+00,7.749999999999998002e-01
3.714999999999943014e+00,9.849999999999999867e-01
3.714999999999943014e+00,1.099999999999992095e-01
3.719999999999942908e+00,7.749999999999998002e-01
3.719999999999942908e+00,9.849999999999999867e-01
3.719999999999942908e+00,1.099999999999992095e-01
3.724999999999942801e+00,7.749999999999998002e-01
3.724999999999942801e+00,9.849999999999999867e-01
3.724999999999942801e+00,7.699999999999997957e-01
3.724999999999942801e+00,1.099999999999992095e-01
3.724999999999942801e+00,1.049999999999992051e-01
3.729999999999942695e+00,9.799999999999999822e-01
3.729999999999942695e+00,9.849999999999999867e-01
3.729999999999942695e+00,7.699999999999997957e-01
3.729999999999942695e+00,1.049999999999992051e-01
3.734999999999942588e+00,9.799999999999999822e-01
3.734999999999942588e+00,9.849999999999999867e-01
3.734999999999942588e+00,7.699999999999997957e-01
3.734999999999942588e+00,1.049999999999992051e-01
3.739999999999942482e+00,9.799999999999999822e-01
3.739999999999942482e+00,9.849999999999999867e-01
3.739999999999942482e+00,7.699999999999997957e-01
3.739999999999942482e+00,1.049999999999992051e-01
3.744999999999942375e+00,9.799999999999999822e-01
3.744999999999942375e+00,9.849999999999999867e-01
3.744999999999942375e+00,7.699999999999997957e-01
3.744999999999942375e+00,9.999999999999920064e-02
3.749999999999942268e+00,9.799999999999999822e-01
3.749999999999942268e+00,9.849999999999999867e-01
3.749999999999942268e+00,7.699999999999997957e-01
3.749999999999942268e+00,9.999999999999920064e-02
3.754999999999942162e+00,9.799999999999999822e-01
3.754999999999942162e+00,9.849999999999999867e-01
3.754999999999942162e+00,7.699999999999997957e-01
3.754999999999942162e+00,7.649999999999997913e-01
3.754999999999942162e+00,9.999999999999920064e-02
3.759999999999942055e+00,9.799999999999999822e-01
3.759999999999942055e+00,9.849999999999999867e-01
3.759999999999942055e+00,7.699999999999997957e-01
3.759999999999942055e+00,7.649999999999997913e-01
3.759999999999942055e+00,9.999999999999920064e-02
3.759999999999942055e+00,9.499999999999919620e-02
3.764999999999941949e+00,9.799999999999999822e-01
3.764999999999941949e+00,7.649999999999997913e-01
3.764999999999941949e+00,9.499999999999919620e-02
3.769999999999941842e+00,7.649999999999997913e-01
3.769999999999941842e+00,9.799999999999999822e-01
3.769999999999941842e+00,9.499999999999919620e-02
3.774999999999941735e+00,7.649999999999997913e-01
3.774999999999941735e+00,9.799999999999999822e-01
3.774999999999941735e+00,9.499999999999919620e-02
3.779999999999941629e+00,7.649999999999997913e-01
3.779999999999941629e+00,9.799999999999999822e-01
3.779999999999941629e+00,8.999999999999919176e-02
3.784999999999941522e+00,7.649999999999997913e-01
3.784999999999941522e+00,9.799999999999999822e-01
3.784999999999941522e+00,8.999999999999919176e-02
3.789999999999941416e+00,7.649999999999997913e-01
3.789999999999941416e+00,9.799999999999999822e-01
3.789999999999941416e+00,7.599999999999997868e-01
3.789999999999941416e+00,8.999999999999919176e-02
3.794999999999941309e+00,9.799999999999999822e-01
3.794999999999941309e+00,7.599999999999997868e-01
3.794999999999941309e+00,8.499999999999918732e-02
3.799999999999941203e+00,7.599999999999997868e-01
3.799999999999941203e+00,9.799999999999999822e-01
3.799999999999941203e+00,8.499999999999918732e-02
3.804999999999941096e+00,7.599999999999997868e-01
3.804999999999941096e+00,9.799999999999999822e-01
3.804999999999941096e+00,8.499999999999918732e-02
3.809999999999940989e+00,7.599999999999997868e-01
3.809999999999940989e+00,9.799999999999999822e-01
3.809999999999940989e+00,8.499999999999918732e-02
3.809999999999940989e+00,7.999999999999918288e-02
3.814999999999940883e+00,7.599999999999997868e-01
3.814999999999940883e+00,9.799999999999999822e-01
3.814999999999940883e+00,7.999999999999918288e-02
3.819999999999940776e+00,7.599999999999997868e-01
3.819999999999940776e+00,9.799999999999999822e-01
3.819999999999940776e+00,7.549999999999997824e-01
3.819999999999940776e+00,7.999999999999918288e-02
3.824999999999940670e+00,7.599999999999997868e-01
3.824999999999940670e+00,9.799999999999999822e-01
3.824999999999940670e+00,7.549999999999997824e-01
3.824999999999940670e+00,7.999999999999918288e-02
3.829999999999940563e+00,9.799999999999999822e-01
3.829999999999940563e+00,7.549999999999997824e-01
3.829999999999940563e+00,7.499999999999917843e-02
3.834999999999940457e+00,9.799999999999999822e-01
3.834999999999940457e+00,7.549999999999997824e-01
3.834999999999940457e+00,7.499999999999917843e-02
3.839999999999940350e+00,9.799999999999999822e-01
3.839999999999940350e+00,7.549999999999997824e-01
3.839999999999940350e+00,7.499999999999917843e-02
3.844999999999940243e+00,9.749999999999999778e-01
3.844999999999940243e+00,9.799999999999999822e-01
3.844999999999940243e+00,7.549999999999997824e-01
3.844999999999940243e+00,6.999999999999917399e-02
3.849999999999940137e+00,9.749999999999999778e-01
3.849999999999940137e+00,9.799999999999999822e-01
3.849999999999940137e+00,7.549999999999997824e-01
3.849999999999940137e+00,6.999999999999917399e-02
3.854999999999940030e+00,9.749999999999999778e-01
3.854999999999940030e+00,9.799999999999999822e-01
3.854999999999940030e+00,7.549999999999997824e-01
3.854999999999940030e+00,7.499999999999997780e-01
3.854999999999940030e+00,6.999999999999917399e-02
3.859999999999939924e+00,9.749999999999999778e-01
3.859999999999939924e+00,9.799999999999999822e-01
3.859999999999939924e+00,7.499999999999997780e-01
3.859999999999939924e+00,6.999999999999917399e-02
3.859999999999939924e+00,6.499999999999916955e-02
3.864999999999939817e+00,9.749999999999999778e-01
3.864999999999939817e+00,9.799999999999999822e-01
3.864999999999939817e+00,7.499999999999997780e-01
3.864999999999939817e+00,6.499999999999916955e-02
3.869999999999939710e+00,9.749999999999999778e-01
3.869999999999939710e+00,9.799999999999999822e-01
3.869999999999939710e+00,7.499999999999997780e-01
3.869999999999939710e+00,6.499999999999916955e-02
3.874999999999939604e+00,9.749999999999999778e-01
3.874999999999939604e+00,7.499999999999997780e-01
3.874999999999939604e+00,6.499999999999916955e-02
3.879999999999939497e+00,9.749999999999999778e-01
3.879999999999939497e+00,7.499999999999997780e-01
3.879999999999939497e+00,5.999999999999917205e-02
3.884999999999939391e+00,9.749999999999999778e-01
3.884999999999939391e+00,7.499999999999997780e-01
3.884999999999939391e+00,7.449999999999997735e-01
3.884999999999939391e+00,5.999999999999917205e-02
3.889999999999939284e+00,9.749999999999999778e-01
3.889999999999939284e+00,7.499999999999997780e-01
3.889999999999939284e+00,7.449999999999997735e-01
3.889999999999939284e+00,5.999999999999917205e-02
3.894999999999939178e+00,9.749999999999999778e-01
3.894999999999939178e+00,7.449999999999997735e-01
3.894999999999939178e+00,5.499999999999917455e-02
3.894999999999939178e+00,5.999999999999917205e-02
3.899999999999939071e+00,9.749999999999999778e-01
3.899999999999939071e+00,7.449999999999997735e-01
3.899999999999939071e+00,5.499999999999917455e-02
3.904999999999938964e+00,9.749999999999999778e-01
3.904999999999938964e+00,7.449999999999997735e-01
3.904999999999938964e+00,5.499999999999917455e-02
3.909999999999938858e+00,9.749999999999999778e-01
3.909999999999938858e+00,7.449999999999997735e-01
3.909999999999938858e+00,5.499999999999917455e-02
3.909999999999938858e+00,4.999999999999917705e-02
3.914999999999938751e+00,9.749999999999999778e-01
3.914999999999938751e+00,7.449999999999997735e-01
3.914999999999938751e+00,4.999999999999917705e-02
3.919999999999938645e+00,9.749999999999999778e-01
3.919999999999938645e+00,7.449999999999997735e-01
3.919999999999938645e+00,7.399999999999997691e-01
3.919999999999938645e+00,4.999999999999917705e-02
3.924999999999938538e+00,9.749999999999999778e-01
3.924999999999938538e+00,7.399999999999997691e-01
3.924999999999938538e+00,4.999999999999917705e-02
3.929999999999938431e+00,9.749999999999999778e-01
3.929999999999938431e+00,7.399999999999997691e-01
3.929999999999938431e+00,4.499999999999917955e-02
3.934999999999938325e+00,9.749999999999999778e-01
3.934999999999938325e+00,7.399999999999997691e-01
3.934999999999938325e+00,4.499999999999917955e-02
3.939999999999938218e+00,9.749999999999999778e-01
3.939999999999938218e+00,7.399999999999997691e-01
3.939999999999938218e+00,4.499999999999917955e-02
3.944999999999938112e+00,9.749999999999999778e-01
3.944999999999938112e+00,7.399999999999997691e-01
3.944999999999938112e+00,4.499999999999917955e-02
3.944999999999938112e+00,3.999999999999918204e-02
3.949999999999938005e+00,9.749999999999999778e-01
3.949999999999938005e+00,7.399999999999997691e-01
3.949999999999938005e+00,9.699999999999999734e-01
3.949999999999938005e+00,7.349999999999997646e-01
3.949999999999938005e+00,3.999999999999918204e-02
3.954999999999937899e+00,9.749999999999999778e-01
3.954999999999937899e+00,9.699999999999999734e-01
3.954999999999937899e+00,7.349999999999997646e-01
3.954999999999937899e+00,3.999999999999918204e-02
3.959999999999937792e+00,9.749999999999999778e-01
3.959999999999937792e+00,9.699999999999999734e-01
3.959999999999937792e+00,7.349999999999997646e-01
3.959999999999937792e+00,3.499999999999918454e-02
3.959999999999937792e+00,3.999999999999918204e-02
3.964999999999937685e+00,9.749999999999999778e-01
3.964999999999937685e+00,9.699999999999999734e-01
3.964999999999937685e+00,7.349999999999997646e-01
3.964999999999937685e+00,3.499999999999918454e-02
3.969999999999937579e+00,9.749999999999999778e-01
3.969999999999937579e+00,9.699999999999999734e-01
3.969999999999937579e+00,7.349999999999997646e-01
3.969999999999937579e+00,3.499999999999918454e-02
3.974999999999937472e+00,9.699999999999999734e-01
3.974999999999937472e+00,7.349999999999997646e-01
3.974999999999937472e+00,3.499999999999918454e-02
3.979999999999937366e+00,7.349999999999997646e-01
3.979999999999937366e+00,9.699999999999999734e-01
3.979999999999937366e+00,7.299999999999997602e-01
3.979999999999937366e+00,2.999999999999918357e-02
3.984999999999937259e+00,9.699999999999999734e-01
3.984999999999937259e+00,7.299999999999997602e-01
3.984999999999937259e+00,2.999999999999918357e-02
3.989999999999937152e+00,7.299999999999997602e-01
3.989999999999937152e+00,9.699999999999999734e-01
3.989999999999937152e+00,2.999999999999918357e-02
3.994999999999937046e+00,7.299999999999997602e-01
3.994999999999937046e+00,9.699999999999999734e-01
3.994999999999937046e+00,2.999999999999918357e-02
3.994999999999937046e+00,2.499999999999918260e-02
3.999999999999936939e+00,7.299999999999997602e-01
3.999999999999936939e+00,9.699999999999999734e-01
3.999999999999936939e+00,2.499999999999918260e-02
