# t,l
8.000000000000000167e-02,9.949999999999999956e-01
8.500000000000000611e-02,9.949999999999999956e-01
8.999999999999999667e-02,9.949999999999999956e-01
9.500000000000000111e-02,9.949999999999999956e-01
1.000000000000000056e-01,9.949999999999999956e-01
1.049999999999999961e-01,9.949999999999999956e-01
1.100000000000000006e-01,9.949999999999999956e-01
1.150000000000000050e-01,9.949999999999999956e-01
1.199999999999999956e-01,9.949999999999999956e-01
1.250000000000000000e-01,9.949999999999999956e-01
1.300000000000000044e-01,9.949999999999999956e-01
1.350000000000000089e-01,9.949999999999999956e-01
1.400000000000000133e-01,9.949999999999999956e-01
1.400000000000000133e-01,9.899999999999999911e-01
1.449999999999999900e-01,9.949999999999999956e-01
1.449999999999999900e-01,9.899999999999999911e-01
1.499999999999999944e-01,9.949999999999999956e-01
1.499999999999999944e-01,9.899999999999999911e-01
1.549999999999999989e-01,9.949999999999999956e-01
1.549999999999999989e-01,9.899999999999999911e-01
1.600000000000000033e-01,9.899999999999999911e-01
1.650000000000000078e-01,9.899999999999999911e-01
1.700000000000000122e-01,9.899999999999999911e-01
1.750000000000000167e-01,9.899999999999999911e-01
1.799999999999999933e-01,9.899999999999999911e-01
1.849999999999999978e-01,9.899999999999999911e-01
1.900000000000000022e-01,9.899999999999999911e-01
1.900000000000000022e-01,9.849999999999999867e-01
1.950000000000000067e-01,9.899999999999999911e-01
1.950000000000000067e-01,9.849999999999999867e-01
2.000000000000000111e-01,9.899999999999999911e-01
2.000000000000000111e-01,9.849999999999999867e-01
2.050000000000000155e-01,9.849999999999999867e-01
2.099999999999999922e-01,9.849999999999999867e-01
2.149999999999999967e-01,9.849999999999999867e-01
2.200000000000000011e-01,9.849999999999999867e-01
2.250000000000000056e-01,9.849999999999999867e-01
2.300000000000000100e-01,9.849999999999999867e-01
2.350000000000000144e-01,9.799999999999999822e-01
2.350000000000000144e-01,9.849999999999999867e-01
2.399999999999999911e-01,9.799999999999999822e-01
2.399999999999999911e-01,9.849999999999999867e-01
2.449999999999999956e-01,9.799999999999999822e-01
2.500000000000000000e-01,9.799999999999999822e-01
2.550000000000000044e-01,9.799999999999999822e-01
2.600000000000000089e-01,9.799999999999999822e-01
2.650000000000000133e-01,9.799999999999999822e-01
2.700000000000000178e-01,9.799999999999999822e-01
2.750000000000000222e-01,9.749999999999999778e-01
2.750000000000000222e-01,9.799999999999999822e-01
2.800000000000000266e-01,9.749999999999999778e-01
2.800000000000000266e-01,9.799999999999999822e-01
2.850000000000000311e-01,9.749999999999999778e-01
2.899999999999999800e-01,9.749999999999999778e-01
2.949999999999999845e-01,9.749999999999999778e-01
2.999999999999999889e-01,9.749999999999999778e-01
3.049999999999999933e-01,9.749999999999999778e-01
3.099999999999999978e-01,9.749999999999999778e-01
3.099999999999999978e-01,9.699999999999999734e-01
3.150000000000000022e-01,9.749999999999999778e-01
3.150000000000000022e-01,9.699999999999999734e-01
3.200000000000000067e-01,9.699999999999999734e-01
3.250000000000000111e-01,9.699999999999999734e-01
3.300000000000000155e-01,9.699999999999999734e-01
3.350000000000000200e-01,9.699999999999999734e-01
3.400000000000000244e-01,9.699999999999999734e-01
3.450000000000000289e-01,9.649999999999999689e-01
3.450000000000000289e-01,9.699999999999999734e-01
3.500000000000000333e-01,9.649999999999999689e-01
3.500000000000000333e-01,9.699999999999999734e-01
3.549999999999999822e-01,9.649999999999999689e-01
3.599999999999999867e-01,9.649999999999999689e-01
3.649999999999999911e-01,9.649999999999999689e-01
3.699999999999999956e-01,9.649999999999999689e-01
3.750000000000000000e-01,9.649999999999999689e-01
3.800000000000000044e-01,9.599999999999999645e-01
3.800000000000000044e-01,9.649999999999999689e-01
3.850000000000000089e-01,9.599999999999999645e-01
3.850000000000000089e-01,9.649999999999999689e-01
3.900000000000000133e-01,9.599999999999999645e-01
3.950000000000000178e-01,9.599999999999999645e-01
4.000000000000000222e-01,9.599999999999999645e-01
4.050000000000000266e-01,9.599999999999999645e-01
4.100000000000000311e-01,9.549999999999999600e-01
4.100000000000000311e-01,9.599999999999999645e-01
4.150000000000000355e-01,9.549999999999999600e-01
4.150000000000000355e-01,9.599999999999999645e-01
4.199999999999999845e-01,9.549999999999999600e-01
4.249999999999999889e-01,9.549999999999999600e-01
4.299999999999999933e-01,9.549999999999999600e-01
4.349999999999999978e-01,9.549999999999999600e-01
4.400000000000000022e-01,9.549999999999999600e-01
4.400000000000000022e-01,9.499999999999999556e-01
4.450000000000000067e-01,9.549999999999999600e-01
4.450000000000000067e-01,9.499999999999999556e-01
4.500000000000000111e-01,9.499999999999999556e-01
4.550000000000000155e-01,9.499999999999999556e-01
4.600000000000000200e-01,9.499999999999999556e-01
4.650000000000000244e-01,9.499999999999999556e-01
4.700000000000000289e-01,9.449999999999999512e-01
4.700000000000000289e-01,9.499999999999999556e-01
4.750000000000000333e-01,9.449999999999999512e-01
4.750000000000000333e-01,9.499999999999999556e-01
4.799999999999999822e-01,9.449999999999999512e-01
4.849999999999999867e-01,9.449999999999999512e-01
4.899999999999999911e-01,9.449999999999999512e-01
4.949999999999999956e-01,9.449999999999999512e-01
5.000000000000000000e-01,9.399999999999999467e-01
5.000000000000000000e-01,9.449999999999999512e-01
5.050000000000000044e-01,9.399999999999999467e-01
5.050000000000000044e-01,9.449999999999999512e-01
5.100000000000000089e-01,9.399999999999999467e-01
5.150000000000000133e-01,9.399999999999999467e-01
5.200000000000000178e-01,9.399999999999999467e-01
5.250000000000000222e-01,9.399999999999999467e-01
5.300000000000000266e-01,9.399999999999999467e-01
5.300000000000000266e-01,9.349999999999999423e-01
5.350000000000000311e-01,9.399999999999999467e-01
5.350000000000000311e-01,9.349999999999999423e-01
5.400000000000000355e-01,9.349999999999999423e-01
5.450000000000000400e-01,9.349999999999999423e-01
5.500000000000000444e-01,9.349999999999999423e-01
5.550000000000000488e-01,9.349999999999999423e-01
5.600000000000000533e-01,9.349999999999999423e-01
5.600000000000000533e-01,9.299999999999999378e-01
5.650000000000000577e-01,9.299999999999999378e-01
5.700000000000000622e-01,9.299999999999999378e-01
5.750000000000000666e-01,9.299999999999999378e-01
5.799999999999999600e-01,9.299999999999999378e-01
5.849999999999999645e-01,9.249999999999999334e-01
5.849999999999999645e-01,9.299999999999999378e-01
5.899999999999999689e-01,9.249999999999999334e-01
5.899999999999999689e-01,9.299999999999999378e-01
5.949999999999999734e-01,9.249999999999999334e-01
5.999999999999999778e-01,9.249999999999999334e-01
6.049999999999999822e-01,9.249999999999999334e-01
6.099999999999999867e-01,9.199999999999999289e-01
6.099999999999999867e-01,9.249999999999999334e-01
6.149999999999999911e-01,9.199999999999999289e-01
6.149999999999999911e-01,9.249999999999999334e-01
6.199999999999999956e-01,9.199999999999999289e-01
6.250000000000000000e-01,9.199999999999999289e-01
6.300000000000000044e-01,9.199999999999999289e-01
6.350000000000000089e-01,9.199999999999999289e-01
6.400000000000000133e-01,9.199999999999999289e-01
6.400000000000000133e-01,9.149999999999999245e-01
6.450000000000000178e-01,9.149999999999999245e-01
6.500000000000000222e-01,9.149999999999999245e-01
6.550000000000000266e-01,9.149999999999999245e-01
6.600000000000000311e-01,9.149999999999999245e-01
6.650000000000000355e-01,9.099999999999999201e-01
6.650000000000000355e-01,9.149999999999999245e-01
6.700000000000000400e-01,9.099999999999999201e-01
6.750000000000000444e-01,9.099999999999999201e-01
6.800000000000000488e-01,9.099999999999999201e-01
6.850000000000000533e-01,9.099999999999999201e-01
6.900000000000000577e-01,9.049999999999999156e-01
6.900000000000000577e-01,9.099999999999999201e-01
6.950000000000000622e-01,9.049999999999999156e-01
6.950000000000000622e-01,9.099999999999999201e-01
7.000000000000000666e-01,9.049999999999999156e-01
7.049999999999999600e-01,9.049999999999999156e-01
7.099999999999999645e-01,9.049999999999999156e-01
7.149999999999999689e-01,9.049999999999999156e-01
7.149999999999999689e-01,8.999999999999999112e-01
7.199999999999999734e-01,9.049999999999999156e-01
7.199999999999999734e-01,8.999999999999999112e-01
7.249999999999999778e-01,8.999999999999999112e-01
7.299999999999999822e-01,8.999999999999999112e-01
7.349999999999999867e-01,8.999999999999999112e-01
7.399999999999999911e-01,8.949999999999999067e-01
7.399999999999999911e-01,8.999999999999999112e-01
7.449999999999999956e-01,8.949999999999999067e-01
7.449999999999999956e-01,8.999999999999999112e-01
7.500000000000000000e-01,8.949999999999999067e-01
7.550000000000000044e-01,8.949999999999999067e-01
7.600000000000000089e-01,8.949999999999999067e-01
7.650000000000000133e-01,8.899999999999999023e-01
7.650000000000000133e-01,8.949999999999999067e-01
7.700000000000000178e-01,8.899999999999999023e-01
7.700000000000000178e-01,8.949999999999999067e-01
7.750000000000000222e-01,8.899999999999999023e-01
7.800000000000000266e-01,8.899999999999999023e-01
7.850000000000000311e-01,8.899999999999999023e-01
7.900000000000000355e-01,8.849999999999998979e-01
7.900000000000000355e-01,8.899999999999999023e-01
7.950000000000000400e-01,8.849999999999998979e-01
8.000000000000000444e-01,8.849999999999998979e-01
8.050000000000000488e-01,8.849999999999998979e-01
8.100000000000000533e-01,8.849999999999998979e-01
8.150000000000000577e-01,8.849999999999998979e-01
8.150000000000000577e-01,8.799999999999998934e-01
8.200000000000000622e-01,8.799999999999998934e-01
8.250000000000000666e-01,8.799999999999998934e-01
8.300000000000000711e-01,8.799999999999998934e-01
8.349999999999999645e-01,8.799999999999998934e-01
8.399999999999999689e-01,8.799999999999998934e-01
8.399999999999999689e-01,8.749999999999998890e-01
8.449999999999999734e-01,8.749999999999998890e-01
8.499999999999999778e-01,8.749999999999998890e-01
8.549999999999999822e-01,8.749999999999998890e-01
8.599999999999999867e-01,8.699999999999998845e-01
8.599999999999999867e-01,8.749999999999998890e-01
8.649999999999999911e-01,8.699999999999998845e-01
8.649999999999999911e-01,8.749999999999998890e-01
8.699999999999999956e-01,8.699999999999998845e-01
8.750000000000000000e-01,8.699999999999998845e-01
8.800000000000000044e-01,8.699999999999998845e-01
8.850000000000000089e-01,8.699999999999998845e-01
8.850000000000000089e-01,8.649999999999998801e-01
8.900000000000000133e-01,8.649999999999998801e-01
8.950000000000000178e-01,8.649999999999998801e-01
9.000000000000000222e-01,8.649999999999998801e-01
9.050000000000000266e-01,8.649999999999998801e-01
9.100000000000000311e-01,8.649999999999998801e-01
9.100000000000000311e-01,8.599999999999998757e-01
9.150000000000000355e-01,8.599999999999998757e-01
9.200000000000000400e-01,8.599999999999998757e-01
9.250000000000000444e-01,8.599999999999998757e-01
9.300000000000000488e-01,8.549999999999998712e-01
9.300000000000000488e-01,8.599999999999998757e-01
9.350000000000000533e-01,8.549999999999998712e-01
9.350000000000000533e-01,8.599999999999998757e-01
9.400000000000000577e-01,8.549999999999998712e-01
9.450000000000000622e-01,8.549999999999998712e-01
9.500000000000000666e-01,8.549999999999998712e-01
9.550000000000000711e-01,8.499999999999998668e-01
9.550000000000000711e-01,8.549999999999998712e-01
9.599999999999999645e-01,8.499999999999998668e-01
9.649999999999999689e-01,8.499999999999998668e-01
9.699999999999999734e-01,8.499999999999998668e-01
9.749999999999999778e-01,8.499999999999998668e-01
9.799999999999999822e-01,8.499999999999998668e-01
9.799999999999999822e-01,8.449999999999998623e-01
9.849999999999999867e-01,8.449999999999998623e-01
9.899999999999999911e-01,8.449999999999998623e-01
9.949999999999999956e-01,8.449999999999998623e-01
1.000000000000000000e+00,8.399999999999998579e-01
1.000000000000000000e+00,8.449999999999998623e-01
1.005000000000000115e+00,8.399999999999998579e-01
1.010000000000000009e+00,8.399999999999998579e-01
1.015000000000000124e+00,8.399999999999998579e-01
1.020000000000000018e+00,8.399999999999998579e-01
1.024999999999999911e+00,8.349999999999998535e-01
1.024999999999999911e+00,8.399999999999998579e-01
1.030000000000000027e+00,8.349999999999998535e-01
1.034999999999999920e+00,8.349999999999998535e-01
1.040000000000000036e+00,8.349999999999998535e-01
1.044999999999999929e+00,8.349999999999998535e-01
1.044999999999999929e+00,8.299999999999998490e-01
1.050000000000000044e+00,8.299999999999998490e-01
1.054999999999999938e+00,8.299999999999998490e-01
1.060000000000000053e+00,8.299999999999998490e-01
1.064999999999999947e+00,8.299999999999998490e-01
1.070000000000000062e+00,8.299999999999998490e-01
1.070000000000000062e+00,8.249999999999998446e-01
1.074999999999999956e+00,8.249999999999998446e-01
1.080000000000000071e+00,8.249999999999998446e-01
1.084999999999999964e+00,8.249999999999998446e-01
1.090000000000000080e+00,8.199999999999998401e-01
1.090000000000000080e+00,8.249999999999998446e-01
1.094999999999999973e+00,8.199999999999998401e-01
1.100000000000000089e+00,8.199999999999998401e-01
1.104999999999999982e+00,8.199999999999998401e-01
1.110000000000000098e+00,8.149999999999998357e-01
1.110000000000000098e+00,8.199999999999998401e-01
1.114999999999999991e+00,8.149999999999998357e-01
1.114999999999999991e+00,8.199999999999998401e-01
1.120000000000000107e+00,8.149999999999998357e-01
1.125000000000000000e+00,8.149999999999998357e-01
1.130000000000000115e+00,8.149999999999998357e-01
1.135000000000000009e+00,8.149999999999998357e-01
1.135000000000000009e+00,8.099999999999998312e-01
1.140000000000000124e+00,8.099999999999998312e-01
1.145000000000000018e+00,8.099999999999998312e-01
1.150000000000000133e+00,8.099999999999998312e-01
1.155000000000000027e+00,8.099999999999998312e-01
1.155000000000000027e+00,8.049999999999998268e-01
1.159999999999999920e+00,8.049999999999998268e-01
1.165000000000000036e+00,8.049999999999998268e-01
1.169999999999999929e+00,8.049999999999998268e-01
1.175000000000000044e+00,7.999999999999998224e-01
1.175000000000000044e+00,8.049999999999998268e-01
1.179999999999999938e+00,7.999999999999998224e-01
1.179999999999999938e+00,8.049999999999998268e-01
1.185000000000000053e+00,7.999999999999998224e-01
1.189999999999999947e+00,7.999999999999998224e-01
1.195000000000000062e+00,7.999999999999998224e-01
1.199999999999999956e+00,7.949999999999998179e-01
1.199999999999999956e+00,7.999999999999998224e-01
1.205000000000000071e+00,7.949999999999998179e-01
1.209999999999999964e+00,7.949999999999998179e-01
1.215000000000000080e+00,7.949999999999998179e-01
1.219999999999999973e+00,7.949999999999998179e-01
1.219999999999999973e+00,7.899999999999998135e-01
1.225000000000000089e+00,7.899999999999998135e-01
1.229999999999999982e+00,7.899999999999998135e-01
1.235000000000000098e+00,7.899999999999998135e-01
1.239999999999999991e+00,7.849999999999998090e-01
1.239999999999999991e+00,7.899999999999998135e-01
1.245000000000000107e+00,7.849999999999998090e-01
1.250000000000000000e+00,7.849999999999998090e-01
1.255000000000000115e+00,7.849999999999998090e-01
1.260000000000000009e+00,7.799999999999998046e-01
1.260000000000000009e+00,7.849999999999998090e-01
1.265000000000000124e+00,7.799999999999998046e-01
1.265000000000000124e+00,7.849999999999998090e-01
1.270000000000000018e+00,7.799999999999998046e-01
1.275000000000000133e+00,7.799999999999998046e-01
1.280000000000000027e+00,7.799999999999998046e-01
1.284999999999999920e+00,7.749999999999998002e-01
1.284999999999999920e+00,7.799999999999998046e-01
1.290000000000000036e+00,7.749999999999998002e-01
1.294999999999999929e+00,7.749999999999998002e-01
1.300000000000000044e+00,7.749999999999998002e-01
1.304999999999999938e+00,7.749999999999998002e-01
1.304999999999999938e+00,7.699999999999997957e-01
1.310000000000000053e+00,7.699999999999997957e-01
1.314999999999999947e+00,7.699999999999997957e-01
1.320000000000000062e+00,7.699999999999997957e-01
1.324999999999999956e+00,7.649999999999997913e-01
1.324999999999999956e+00,7.699999999999997957e-01
1.330000000000000071e+00,7.649999999999997913e-01
1.334999999999999964e+00,7.649999999999997913e-01
1.340000000000000080e+00,7.649999999999997913e-01
1.344999999999999973e+00,7.599999999999997868e-01
1.344999999999999973e+00,7.649999999999997913e-01
1.350000000000000089e+00,7.599999999999997868e-01
1.354999999999999982e+00,7.599999999999997868e-01
1.360000000000000098e+00,7.599999999999997868e-01
1.364999999999999991e+00,7.599999999999997868e-01
1.364999999999999991e+00,7.549999999999997824e-01
1.370000000000000107e+00,7.549999999999997824e-01
1.375000000000000000e+00,7.549999999999997824e-01
1.380000000000000115e+00,7.549999999999997824e-01
1.385000000000000009e+00,7.499999999999997780e-01
1.385000000000000009e+00,7.549999999999997824e-01
1.390000000000000124e+00,7.499999999999997780e-01
1.390000000000000124e+00,7.549999999999997824e-01
1.395000000000000018e+00,7.499999999999997780e-01
1.400000000000000133e+00,7.499999999999997780e-01
1.405000000000000027e+00,7.499999999999997780e-01
1.409999999999999920e+00,7.449999999999997735e-01
1.409999999999999920e+00,7.499999999999997780e-01
1.415000000000000036e+00,7.449999999999997735e-01
1.419999999999999929e+00,7.449999999999997735e-01
1.425000000000000044e+00,7.449999999999997735e-01
1.429999999999999938e+00,7.449999999999997735e-01
1.429999999999999938e+00,7.399999999999997691e-01
1.435000000000000053e+00,7.399999999999997691e-01
1.439999999999999947e+00,7.399999999999997691e-01
1.445000000000000062e+00,7.399999999999997691e-01
1.449999999999999956e+00,7.399999999999997691e-01
1.449999999999999956e+00,7.349999999999997646e-01
1.455000000000000071e+00,9.949999999999999956e-01
1.455000000000000071e+00,7.349999999999997646e-01
1.459999999999999964e+00,9.949999999999999956e-01
1.459999999999999964e+00,7.349999999999997646e-01
1.465000000000000080e+00,9.949999999999999956e-01
1.465000000000000080e+00,7.349999999999997646e-01
1.469999999999999973e+00,9.949999999999999956e-01
1.469999999999999973e+00,7.299999999999997602e-01
1.469999999999999973e+00,7.349999999999997646e-01
1.475000000000000089e+00,9.949999999999999956e-01
1.475000000000000089e+00,7.299999999999997602e-01
1.479999999999999982e+00,9.949999999999999956e-01
1.479999999999999982e+00,7.299999999999997602e-01
1.485000000000000098e+00,9.949999999999999956e-01
1.485000000000000098e+00,7.299999999999997602e-01
1.489999999999999991e+00,9.949999999999999956e-01
1.489999999999999991e+00,7.249999999999997558e-01
1.489999999999999991e+00,7.299999999999997602e-01
1.495000000000000107e+00,9.949999999999999956e-01
1.495000000000000107e+00,7.249999999999997558e-01
1.500000000000000000e+00,9.949999999999999956e-01
1.500000000000000000e+00,7.249999999999997558e-01
1.505000000000000115e+00,9.949999999999999956e-01
1.505000000000000115e+00,7.249999999999997558e-01
1.510000000000000009e+00,9.949999999999999956e-01
1.510000000000000009e+00,7.249999999999997558e-01
1.510000000000000009e+00,7.199999999999997513e-01
1.515000000000000124e+00,9.949999999999999956e-01
1.515000000000000124e+00,7.199999999999997513e-01
1.520000000000000018e+00,9.949999999999999956e-01
1.520000000000000018e+00,7.199999999999997513e-01
1.525000000000000133e+00,9.949999999999999956e-01
1.525000000000000133e+00,7.199999999999997513e-01
1.530000000000000027e+00,9.949999999999999956e-01
1.530000000000000027e+00,7.149999999999997469e-01
1.530000000000000027e+00,7.199999999999997513e-01
1.535000000000000142e+00,9.949999999999999956e-01
1.535000000000000142e+00,7.149999999999997469e-01
1.540000000000000036e+00,9.949999999999999956e-01
1.540000000000000036e+00,7.149999999999997469e-01
1.544999999999999929e+00,9.949999999999999956e-01
1.544999999999999929e+00,7.149999999999997469e-01
1.550000000000000044e+00,9.949999999999999956e-01
1.550000000000000044e+00,7.099999999999997424e-01
1.550000000000000044e+00,7.149999999999997469e-01
1.554999999999999938e+00,9.949999999999999956e-01
1.554999999999999938e+00,7.099999999999997424e-01
1.560000000000000053e+00,9.949999999999999956e-01
1.560000000000000053e+00,7.099999999999997424e-01
1.564999999999999947e+00,9.949999999999999956e-01
1.564999999999999947e+00,7.099999999999997424e-01
1.570000000000000062e+00,9.949999999999999956e-01
1.570000000000000062e+00,7.099999999999997424e-01
1.570000000000000062e+00,7.049999999999997380e-01
1.574999999999999956e+00,9.949999999999999956e-01
1.574999999999999956e+00,7.049999999999997380e-01
1.580000000000000071e+00,9.949999999999999956e-01
1.580000000000000071e+00,7.049999999999997380e-01
1.584999999999999964e+00,9.949999999999999956e-01
1.584999999999999964e+00,7.049999999999997380e-01
1.590000000000000080e+00,9.949999999999999956e-01
1.590000000000000080e+00,7.049999999999997380e-01
1.590000000000000080e+00,6.999999999999997335e-01
1.594999999999999973e+00,9.949999999999999956e-01
1.594999999999999973e+00,6.999999999999997335e-01
1.600000000000000089e+00,9.949999999999999956e-01
1.600000000000000089e+00,9.899999999999999911e-01
1.600000000000000089e+00,6.999999999999997335e-01
1.604999999999999982e+00,9.949999999999999956e-01
1.604999999999999982e+00,9.899999999999999911e-01
1.604999999999999982e+00,6.999999999999997335e-01
1.610000000000000098e+00,9.949999999999999956e-01
1.610000000000000098e+00,9.899999999999999911e-01
1.610000000000000098e+00,6.949999999999997291e-01
1.610000000000000098e+00,6.999999999999997335e-01
1.614999999999999991e+00,9.949999999999999956e-01
1.614999999999999991e+00,9.899999999999999911e-01
1.614999999999999991e+00,6.949999999999997291e-01
1.620000000000000107e+00,9.949999999999999956e-01
1.620000000000000107e+00,9.899999999999999911e-01
1.620000000000000107e+00,6.949999999999997291e-01
1.625000000000000000e+00,9.949999999999999956e-01
1.625000000000000000e+00,9.899999999999999911e-01
1.625000000000000000e+00,6.949999999999997291e-01
1.630000000000000115e+00,9.949999999999999956e-01
1.630000000000000115e+00,9.899999999999999911e-01
1.630000000000000115e+00,6.899999999999997247e-01
1.630000000000000115e+00,6.949999999999997291e-01
1.635000000000000009e+00,9.949999999999999956e-01
1.635000000000000009e+00,9.899999999999999911e-01
1.635000000000000009e+00,6.899999999999997247e-01
1.640000000000000124e+00,9.899999999999999911e-01
1.640000000000000124e+00,6.899999999999997247e-01
1.645000000000000018e+00,9.899999999999999911e-01
1.645000000000000018e+00,6.899999999999997247e-01
1.650000000000000133e+00,9.899999999999999911e-01
1.650000000000000133e+00,6.899999999999997247e-01
1.650000000000000133e+00,6.849999999999997202e-01
1.655000000000000027e+00,9.899999999999999911e-01
1.655000000000000027e+00,6.849999999999997202e-01
1.660000000000000142e+00,9.899999999999999911e-01
1.660000000000000142e+00,6.849999999999997202e-01
1.665000000000000036e+00,9.899999999999999911e-01
1.665000000000000036e+00,6.849999999999997202e-01
1.669999999999999929e+00,9.899999999999999911e-01
1.669999999999999929e+00,6.849999999999997202e-01
1.669999999999999929e+00,6.799999999999997158e-01
1.675000000000000044e+00,9.899999999999999911e-01
1.675000000000000044e+00,6.799999999999997158e-01
1.679999999999999938e+00,9.899999999999999911e-01
1.679999999999999938e+00,6.799999999999997158e-01
1.685000000000000053e+00,9.899999999999999911e-01
1.685000000000000053e+00,6.799999999999997158e-01
1.689999999999999947e+00,9.899999999999999911e-01
1.689999999999999947e+00,6.749999999999997113e-01
1.689999999999999947e+00,6.799999999999997158e-01
1.695000000000000062e+00,9.899999999999999911e-01
1.695000000000000062e+00,6.749999999999997113e-01
1.699999999999999956e+00,9.899999999999999911e-01
1.699999999999999956e+00,6.749999999999997113e-01
1.705000000000000071e+00,9.899999999999999911e-01
1.705000000000000071e+00,6.749999999999997113e-01
1.709999999999999964e+00,9.899999999999999911e-01
1.709999999999999964e+00,6.749999999999997113e-01
1.709999999999999964e+00,6.699999999999997069e-01
1.715000000000000080e+00,9.899999999999999911e-01
1.715000000000000080e+00,6.699999999999997069e-01
1.715000000000000080e+00,9.849999999999999867e-01
1.719999999999999973e+00,9.899999999999999911e-01
1.719999999999999973e+00,6.699999999999997069e-01
1.719999999999999973e+00,9.849999999999999867e-01
1.725000000000000089e+00,9.899999999999999911e-01
1.725000000000000089e+00,6.699999999999997069e-01
1.725000000000000089e+00,9.849999999999999867e-01
1.729999999999999982e+00,9.899999999999999911e-01
1.729999999999999982e+00,6.699999999999997069e-01
1.729999999999999982e+00,9.849999999999999867e-01
1.729999999999999982e+00,6.649999999999997025e-01
1.735000000000000098e+00,9.899999999999999911e-01
1.735000000000000098e+00,9.849999999999999867e-01
1.735000000000000098e+00,6.649999999999997025e-01
1.739999999999999991e+00,9.899999999999999911e-01
1.739999999999999991e+00,6.649999999999997025e-01
1.739999999999999991e+00,9.849999999999999867e-01
1.745000000000000107e+00,6.649999999999997025e-01
1.745000000000000107e+00,9.849999999999999867e-01
1.745000000000000107e+00,6.599999999999996980e-01
1.750000000000000000e+00,9.849999999999999867e-01
1.750000000000000000e+00,6.599999999999996980e-01
1.755000000000000115e+00,6.599999999999996980e-01
1.755000000000000115e+00,9.849999999999999867e-01
1.760000000000000009e+00,6.599999999999996980e-01
1.760000000000000009e+00,9.849999999999999867e-01
1.765000000000000124e+00,6.599999999999996980e-01
1.765000000000000124e+00,9.849999999999999867e-01
1.765000000000000124e+00,6.549999999999996936e-01
1.770000000000000018e+00,9.849999999999999867e-01
1.770000000000000018e+00,6.549999999999996936e-01
1.775000000000000133e+00,6.549999999999996936e-01
1.775000000000000133e+00,9.849999999999999867e-01
1.780000000000000027e+00,6.549999999999996936e-01
1.780000000000000027e+00,9.849999999999999867e-01
1.785000000000000142e+00,6.549999999999996936e-01
1.785000000000000142e+00,9.849999999999999867e-01
1.785000000000000142e+00,6.499999999999996891e-01
1.790000000000000036e+00,9.849999999999999867e-01
1.790000000000000036e+00,6.499999999999996891e-01
1.794999999999999929e+00,6.499999999999996891e-01
1.794999999999999929e+00,9.849999999999999867e-01
1.800000000000000044e+00,6.499999999999996891e-01
1.800000000000000044e+00,9.849999999999999867e-01
1.804999999999999938e+00,6.499999999999996891e-01
1.804999999999999938e+00,9.849999999999999867e-01
1.804999999999999938e+00,6.449999999999996847e-01
1.810000000000000053e+00,9.849999999999999867e-01
1.810000000000000053e+00,6.449999999999996847e-01
1.814999999999999947e+00,9.799999999999999822e-01
1.814999999999999947e+00,6.449999999999996847e-01
1.814999999999999947e+00,9.849999999999999867e-01
1.820000000000000062e+00,9.799999999999999822e-01
1.820000000000000062e+00,9.849999999999999867e-01
1.820000000000000062e+00,6.449999999999996847e-01
1.824999999999999956e+00,9.799999999999999822e-01
1.824999999999999956e+00,9.849999999999999867e-01
1.824999999999999956e+00,6.449999999999996847e-01
1.824999999999999956e+00,6.399999999999996803e-01
1.830000000000000071e+00,9.799999999999999822e-01
1.830000000000000071e+00,9.849999999999999867e-01
1.830000000000000071e+00,6.399999999999996803e-01
1.834999999999999964e+00,9.799999999999999822e-01
1.834999999999999964e+00,9.849999999999999867e-01
1.834999999999999964e+00,6.399999999999996803e-01
1.840000000000000080e+00,9.799999999999999822e-01
1.840000000000000080e+00,6.399999999999996803e-01
1.844999999999999973e+00,6.399999999999996803e-01
1.844999999999999973e+00,9.799999999999999822e-01
1.844999999999999973e+00,6.349999999999996758e-01
1.850000000000000089e+00,9.799999999999999822e-01
1.850000000000000089e+00,6.349999999999996758e-01
1.854999999999999982e+00,9.799999999999999822e-01
1.854999999999999982e+00,6.349999999999996758e-01
1.860000000000000098e+00,9.799999999999999822e-01
1.860000000000000098e+00,6.349999999999996758e-01
1.864999999999999991e+00,9.799999999999999822e-01
1.864999999999999991e+00,6.349999999999996758e-01
1.864999999999999991e+00,6.299999999999996714e-01
1.870000000000000107e+00,9.799999999999999822e-01
1.870000000000000107e+00,6.299999999999996714e-01
1.875000000000000000e+00,9.799999999999999822e-01
1.875000000000000000e+00,6.299999999999996714e-01
1.880000000000000115e+00,9.799999999999999822e-01
1.880000000000000115e+00,6.299999999999996714e-01
1.880000000000000115e+00,6.249999999999996669e-01
1.885000000000000009e+00,9.799999999999999822e-01
1.885000000000000009e+00,6.249999999999996669e-01
1.890000000000000124e+00,9.799999999999999822e-01
1.890000000000000124e+00,6.249999999999996669e-01
1.895000000000000018e+00,9.799999999999999822e-01
1.895000000000000018e+00,6.249999999999996669e-01
1.900000000000000133e+00,9.749999999999999778e-01
1.900000000000000133e+00,9.799999999999999822e-01
1.900000000000000133e+00,6.249999999999996669e-01
1.900000000000000133e+00,6.199999999999996625e-01
1.905000000000000027e+00,9.749999999999999778e-01
1.905000000000000027e+00,9.799999999999999822e-01
1.905000000000000027e+00,6.199999999999996625e-01
1.910000000000000142e+00,9.749999999999999778e-01
1.910000000000000142e+00,9.799999999999999822e-01
1.910000000000000142e+00,6.199999999999996625e-01
1.915000000000000036e+00,9.749999999999999778e-01
1.915000000000000036e+00,9.799999999999999822e-01
1.915000000000000036e+00,6.199999999999996625e-01
1.919999999999999929e+00,9.749999999999999778e-01
1.919999999999999929e+00,6.199999999999996625e-01
1.919999999999999929e+00,6.149999999999996581e-01
1.925000000000000044e+00,9.749999999999999778e-01
1.925000000000000044e+00,6.149999999999996581e-01
1.929999999999999938e+00,9.749999999999999778e-01
1.929999999999999938e+00,6.149999999999996581e-01
1.935000000000000053e+00,9.749999999999999778e-01
1.935000000000000053e+00,6.149999999999996581e-01
1.939999999999999947e+00,9.749999999999999778e-01
1.939999999999999947e+00,6.149999999999996581e-01
1.939999999999999947e+00,6.099999999999996536e-01
1.945000000000000062e+00,9.749999999999999778e-01
1.945000000000000062e+00,6.099999999999996536e-01
1.949999999999999956e+00,9.749999999999999778e-01
1.949999999999999956e+00,6.099999999999996536e-01
1.955000000000000071e+00,9.749999999999999778e-01
1.955000000000000071e+00,6.099999999999996536e-01
1.959999999999999964e+00,9.749999999999999778e-01
1.959999999999999964e+00,6.099999999999996536e-01
1.959999999999999964e+00,6.049999999999996492e-01
1.965000000000000080e+00,9.749999999999999778e-01
1.965000000000000080e+00,6.049999999999996492e-01
1.969999999999999973e+00,9.749999999999999778e-01
1.969999999999999973e+00,6.049999999999996492e-01
1.975000000000000089e+00,9.749999999999999778e-01
1.975000000000000089e+00,6.049999999999996492e-01
1.975000000000000089e+00,9.699999999999999734e-01
1.975000000000000089e+00,5.999999999999996447e-01
1.979999999999999982e+00,9.749999999999999778e-01
1.979999999999999982e+00,9.699999999999999734e-01
1.979999999999999982e+00,5.999999999999996447e-01
1.985000000000000098e+00,9.749999999999999778e-01
1.985000000000000098e+00,9.699999999999999734e-01
1.985000000000000098e+00,5.999999999999996447e-01
1.989999999999999991e+00,9.749999999999999778e-01
1.989999999999999991e+00,9.699999999999999734e-01
1.989999999999999991e+00,5.999999999999996447e-01
1.995000000000000107e+00,9.749999999999999778e-01
1.995000000000000107e+00,9.699999999999999734e-01
1.995000000000000107e+00,5.999999999999996447e-01
1.995000000000000107e+00,5.949999999999996403e-01
2.000000000000000000e+00,9.699999999999999734e-01
2.000000000000000000e+00,5.949999999999996403e-01
2.004999999999999893e+00,5.949999999999996403e-01
2.004999999999999893e+00,9.699999999999999734e-01
2.010000000000000231e+00,5.949999999999996403e-01
2.010000000000000231e+00,9.699999999999999734e-01
2.015000000000000124e+00,5.949999999999996403e-01
2.015000000000000124e+00,9.699999999999999734e-01
2.015000000000000124e+00,5.899999999999996358e-01
2.020000000000000018e+00,9.699999999999999734e-01
2.020000000000000018e+00,5.899999999999996358e-01
2.024999999999999911e+00,5.899999999999996358e-01
2.024999999999999911e+00,9.699999999999999734e-01
2.030000000000000249e+00,5.899999999999996358e-01
2.030000000000000249e+00,9.699999999999999734e-01
2.035000000000000142e+00,5.899999999999996358e-01
2.035000000000000142e+00,9.699999999999999734e-01
2.035000000000000142e+00,5.849999999999996314e-01
2.040000000000000036e+00,9.699999999999999734e-01
2.040000000000000036e+00,5.849999999999996314e-01
2.044999999999999929e+00,5.849999999999996314e-01
2.044999999999999929e+00,9.699999999999999734e-01
2.049999999999999822e+00,5.849999999999996314e-01
2.049999999999999822e+00,9.649999999999999689e-01
2.049999999999999822e+00,9.699999999999999734e-01
2.055000000000000160e+00,9.649999999999999689e-01
2.055000000000000160e+00,9.699999999999999734e-01
2.055000000000000160e+00,5.799999999999996270e-01
2.060000000000000053e+00,9.649999999999999689e-01
2.060000000000000053e+00,9.699999999999999734e-01
2.060000000000000053e+00,5.799999999999996270e-01
2.064999999999999947e+00,9.649999999999999689e-01
2.064999999999999947e+00,9.699999999999999734e-01
2.064999999999999947e+00,5.799999999999996270e-01
2.069999999999999840e+00,9.649999999999999689e-01
2.069999999999999840e+00,5.799999999999996270e-01
2.069999999999999840e+00,5.749999999999996225e-01
2.075000000000000178e+00,9.649999999999999689e-01
2.075000000000000178e+00,5.749999999999996225e-01
2.080000000000000071e+00,5.749999999999996225e-01
2.080000000000000071e+00,9.649999999999999689e-01
2.084999999999999964e+00,5.749999999999996225e-01
2.084999999999999964e+00,9.649999999999999689e-01
2.089999999999999858e+00,5.749999999999996225e-01
2.089999999999999858e+00,9.649999999999999689e-01
2.089999999999999858e+00,5.699999999999996181e-01
2.095000000000000195e+00,9.649999999999999689e-01
2.095000000000000195e+00,5.699999999999996181e-01
2.100000000000000089e+00,5.699999999999996181e-01
2.100000000000000089e+00,9.649999999999999689e-01
2.104999999999999982e+00,5.699999999999996181e-01
2.104999999999999982e+00,9.649999999999999689e-01
2.109999999999999876e+00,5.699999999999996181e-01
2.109999999999999876e+00,9.649999999999999689e-01
2.109999999999999876e+00,5.649999999999996136e-01
2.115000000000000213e+00,9.599999999999999645e-01
2.115000000000000213e+00,9.649999999999999689e-01
2.115000000000000213e+00,5.649999999999996136e-01
2.120000000000000107e+00,9.599999999999999645e-01
2.120000000000000107e+00,9.649999999999999689e-01
2.120000000000000107e+00,5.649999999999996136e-01
2.125000000000000000e+00,9.599999999999999645e-01
2.125000000000000000e+00,9.649999999999999689e-01
2.125000000000000000e+00,5.649999999999996136e-01
2.129999999999999893e+00,9.599999999999999645e-01
2.129999999999999893e+00,9.649999999999999689e-01
2.129999999999999893e+00,5.599999999999996092e-01
2.135000000000000231e+00,9.599999999999999645e-01
2.135000000000000231e+00,5.599999999999996092e-01
2.140000000000000124e+00,5.599999999999996092e-01
2.140000000000000124e+00,9.599999999999999645e-01
2.145000000000000018e+00,5.599999999999996092e-01
2.145000000000000018e+00,9.599999999999999645e-01
2.145000000000000018e+00,5.549999999999996048e-01
2.149999999999999911e+00,9.599999999999999645e-01
2.149999999999999911e+00,5.549999999999996048e-01
2.155000000000000249e+00,9.599999999999999645e-01
2.155000000000000249e+00,5.549999999999996048e-01
2.160000000000000142e+00,9.599999999999999645e-01
2.160000000000000142e+00,5.549999999999996048e-01
2.165000000000000036e+00,9.599999999999999645e-01
2.165000000000000036e+00,5.549999999999996048e-01
2.165000000000000036e+00,5.499999999999996003e-01
2.169999999999999929e+00,9.599999999999999645e-01
2.169999999999999929e+00,5.499999999999996003e-01
2.175000000000000266e+00,5.499999999999996003e-01
2.175000000000000266e+00,9.599999999999999645e-01
2.180000000000000160e+00,5.499999999999996003e-01
2.180000000000000160e+00,9.549999999999999600e-01
2.180000000000000160e+00,9.599999999999999645e-01
2.185000000000000053e+00,9.549999999999999600e-01
2.185000000000000053e+00,9.599999999999999645e-01
2.185000000000000053e+00,5.499999999999996003e-01
2.185000000000000053e+00,5.449999999999995959e-01
2.189999999999999947e+00,9.549999999999999600e-01
2.189999999999999947e+00,9.599999999999999645e-01
2.189999999999999947e+00,5.449999999999995959e-01
2.194999999999999840e+00,9.549999999999999600e-01
2.194999999999999840e+00,5.449999999999995959e-01
2.200000000000000178e+00,9.549999999999999600e-01
2.200000000000000178e+00,5.449999999999995959e-01
2.200000000000000178e+00,5.399999999999995914e-01
2.205000000000000071e+00,9.549999999999999600e-01
2.205000000000000071e+00,5.399999999999995914e-01
2.209999999999999964e+00,9.549999999999999600e-01
2.209999999999999964e+00,5.399999999999995914e-01
2.214999999999999858e+00,9.549999999999999600e-01
2.214999999999999858e+00,5.399999999999995914e-01
2.220000000000000195e+00,9.549999999999999600e-01
2.220000000000000195e+00,5.399999999999995914e-01
2.220000000000000195e+00,5.349999999999995870e-01
2.225000000000000089e+00,9.549999999999999600e-01
2.225000000000000089e+00,5.349999999999995870e-01
2.229999999999999982e+00,9.549999999999999600e-01
2.229999999999999982e+00,5.349999999999995870e-01
2.234999999999999876e+00,9.549999999999999600e-01
2.234999999999999876e+00,5.349999999999995870e-01
2.240000000000000213e+00,9.549999999999999600e-01
2.240000000000000213e+00,5.349999999999995870e-01
2.240000000000000213e+00,9.499999999999999556e-01
2.240000000000000213e+00,5.299999999999995826e-01
2.245000000000000107e+00,9.549999999999999600e-01
2.245000000000000107e+00,9.499999999999999556e-01
2.245000000000000107e+00,5.299999999999995826e-01
2.250000000000000000e+00,9.549999999999999600e-01
2.250000000000000000e+00,9.499999999999999556e-01
2.250000000000000000e+00,5.299999999999995826e-01
2.254999999999999893e+00,9.499999999999999556e-01
2.254999999999999893e+00,5.299999999999995826e-01
2.254999999999999893e+00,5.249999999999995781e-01
2.260000000000000231e+00,9.499999999999999556e-01
2.260000000000000231e+00,5.249999999999995781e-01
2.265000000000000124e+00,5.249999999999995781e-01
2.265000000000000124e+00,9.499999999999999556e-01
2.270000000000000018e+00,5.249999999999995781e-01
2.270000000000000018e+00,9.499999999999999556e-01
2.274999999999999911e+00,5.249999999999995781e-01
2.274999999999999911e+00,9.499999999999999556e-01
2.274999999999999911e+00,5.199999999999995737e-01
2.280000000000000249e+00,9.499999999999999556e-01
2.280000000000000249e+00,5.199999999999995737e-01
2.285000000000000142e+00,5.199999999999995737e-01
2.285000000000000142e+00,9.499999999999999556e-01
2.290000000000000036e+00,5.199999999999995737e-01
2.290000000000000036e+00,9.499999999999999556e-01
2.294999999999999929e+00,5.199999999999995737e-01
2.294999999999999929e+00,9.499999999999999556e-01
2.294999999999999929e+00,5.149999999999995692e-01
2.300000000000000266e+00,9.449999999999999512e-01
2.300000000000000266e+00,9.499999999999999556e-01
2.300000000000000266e+00,5.149999999999995692e-01
2.305000000000000160e+00,9.449999999999999512e-01
2.305000000000000160e+00,9.499999999999999556e-01
2.305000000000000160e+00,5.149999999999995692e-01
2.310000000000000053e+00,9.449999999999999512e-01
2.310000000000000053e+00,9.499999999999999556e-01
2.310000000000000053e+00,5.149999999999995692e-01
2.310000000000000053e+00,5.099999999999995648e-01
2.314999999999999947e+00,9.449999999999999512e-01
2.314999999999999947e+00,5.099999999999995648e-01
2.319999999999999840e+00,9.449999999999999512e-01
2.319999999999999840e+00,5.099999999999995648e-01
2.325000000000000178e+00,9.449999999999999512e-01
2.325000000000000178e+00,5.099999999999995648e-01
2.330000000000000071e+00,9.449999999999999512e-01
2.330000000000000071e+00,5.099999999999995648e-01
2.330000000000000071e+00,5.049999999999995604e-01
2.334999999999999964e+00,9.449999999999999512e-01
2.334999999999999964e+00,5.049999999999995604e-01
2.339999999999999858e+00,9.449999999999999512e-01
2.339999999999999858e+00,5.049999999999995604e-01
2.345000000000000195e+00,9.449999999999999512e-01
2.345000000000000195e+00,5.049999999999995604e-01
2.350000000000000089e+00,9.449999999999999512e-01
2.350000000000000089e+00,5.049999999999995604e-01
2.350000000000000089e+00,4.999999999999995559e-01
2.354999999999999982e+00,9.399999999999999467e-01
2.354999999999999982e+00,9.449999999999999512e-01
2.354999999999999982e+00,4.999999999999995559e-01
2.359999999999999876e+00,9.399999999999999467e-01
2.359999999999999876e+00,9.449999999999999512e-01
2.359999999999999876e+00,4.999999999999995559e-01
2.365000000000000213e+00,9.399999999999999467e-01
2.365000000000000213e+00,9.449999999999999512e-01
2.365000000000000213e+00,4.999999999999995559e-01
2.365000000000000213e+00,4.949999999999995515e-01
2.370000000000000107e+00,9.399999999999999467e-01
2.370000000000000107e+00,4.949999999999995515e-01
2.375000000000000000e+00,4.949999999999995515e-01
2.375000000000000000e+00,9.399999999999999467e-01
2.379999999999999893e+00,4.949999999999995515e-01
2.379999999999999893e+00,9.399999999999999467e-01
2.385000000000000231e+00,4.949999999999995515e-01
2.385000000000000231e+00,9.399999999999999467e-01
2.385000000000000231e+00,4.899999999999995470e-01
2.390000000000000124e+00,9.399999999999999467e-01
2.390000000000000124e+00,4.899999999999995470e-01
2.395000000000000018e+00,9.399999999999999467e-01
2.395000000000000018e+00,4.899999999999995470e-01
2.399999999999999911e+00,9.399999999999999467e-01
2.399999999999999911e+00,4.899999999999995470e-01
2.405000000000000249e+00,9.399999999999999467e-01
2.405000000000000249e+00,4.899999999999995470e-01
2.405000000000000249e+00,4.849999999999995426e-01
2.410000000000000142e+00,9.399999999999999467e-01
2.410000000000000142e+00,9.349999999999999423e-01
2.410000000000000142e+00,4.849999999999995426e-01
2.415000000000000036e+00,9.399999999999999467e-01
2.415000000000000036e+00,9.349999999999999423e-01
2.415000000000000036e+00,4.849999999999995426e-01
2.419999999999999929e+00,9.399999999999999467e-01
2.419999999999999929e+00,9.349999999999999423e-01
2.419999999999999929e+00,4.849999999999995426e-01
2.419999999999999929e+00,4.799999999999995381e-01
2.425000000000000266e+00,9.349999999999999423e-01
2.425000000000000266e+00,4.799999999999995381e-01
2.430000000000000160e+00,4.799999999999995381e-01
2.430000000000000160e+00,9.349999999999999423e-01
2.435000000000000053e+00,4.799999999999995381e-01
2.435000000000000053e+00,9.349999999999999423e-01
2.439999999999999947e+00,4.799999999999995381e-01
2.439999999999999947e+00,9.349999999999999423e-01
2.439999999999999947e+00,4.749999999999995337e-01
2.444999999999999840e+00,9.349999999999999423e-01
2.444999999999999840e+00,4.749999999999995337e-01
2.450000000000000178e+00,4.749999999999995337e-01
2.450000000000000178e+00,9.349999999999999423e-01
2.455000000000000071e+00,4.749999999999995337e-01
2.455000000000000071e+00,9.349999999999999423e-01
2.459999999999999964e+00,9.349999999999999423e-01
2.459999999999999964e+00,9.299999999999999378e-01
2.459999999999999964e+00,4.699999999999995293e-01
2.464999999999999858e+00,9.349999999999999423e-01
2.464999999999999858e+00,9.299999999999999378e-01
2.464999999999999858e+00,4.699999999999995293e-01
2.470000000000000195e+00,9.349999999999999423e-01
2.470000000000000195e+00,9.299999999999999378e-01
2.470000000000000195e+00,4.699999999999995293e-01
2.475000000000000089e+00,9.299999999999999378e-01
2.475000000000000089e+00,4.699999999999995293e-01
2.475000000000000089e+00,4.649999999999995248e-01
2.479999999999999982e+00,9.299999999999999378e-01
2.479999999999999982e+00,4.649999999999995248e-01
2.484999999999999876e+00,4.649999999999995248e-01
2.484999999999999876e+00,9.299999999999999378e-01
2.490000000000000213e+00,4.649999999999995248e-01
2.490000000000000213e+00,9.299999999999999378e-01
2.495000000000000107e+00,4.649999999999995248e-01
2.495000000000000107e+00,9.299999999999999378e-01
2.495000000000000107e+00,4.599999999999995204e-01
2.500000000000000000e+00,9.299999999999999378e-01
2.500000000000000000e+00,4.599999999999995204e-01
2.504999999999999893e+00,4.599999999999995204e-01
2.504999999999999893e+00,9.299999999999999378e-01
2.510000000000000231e+00,4.599999999999995204e-01
2.510000000000000231e+00,9.249999999999999334e-01
2.510000000000000231e+00,9.299999999999999378e-01
2.510000000000000231e+00,4.549999999999995159e-01
2.515000000000000124e+00,9.249999999999999334e-01
2.515000000000000124e+00,9.299999999999999378e-01
2.515000000000000124e+00,4.549999999999995159e-01
2.520000000000000018e+00,9.249999999999999334e-01
2.520000000000000018e+00,9.299999999999999378e-01
2.520000000000000018e+00,4.549999999999995159e-01
2.524999999999999911e+00,9.249999999999999334e-01
2.524999999999999911e+00,4.549999999999995159e-01
2.530000000000000249e+00,9.249999999999999334e-01
2.530000000000000249e+00,4.549999999999995159e-01
2.530000000000000249e+00,4.499999999999995115e-01
2.535000000000000142e+00,9.249999999999999334e-01
2.535000000000000142e+00,4.499999999999995115e-01
2.540000000000000036e+00,9.249999999999999334e-01
2.540000000000000036e+00,4.499999999999995115e-01
2.544999999999999929e+00,9.249999999999999334e-01
2.544999999999999929e+00,4.499999999999995115e-01
2.550000000000000266e+00,9.249999999999999334e-01
2.550000000000000266e+00,4.449999999999995071e-01
2.555000000000000160e+00,9.249999999999999334e-01
2.555000000000000160e+00,4.449999999999995071e-01
2.560000000000000053e+00,9.199999999999999289e-01
2.560000000000000053e+00,9.249999999999999334e-01
2.560000000000000053e+00,4.449999999999995071e-01
2.564999999999999947e+00,9.199999999999999289e-01
2.564999999999999947e+00,9.249999999999999334e-01
2.564999999999999947e+00,4.449999999999995071e-01
2.564999999999999947e+00,4.399999999999995026e-01
2.569999999999999840e+00,9.199999999999999289e-01
2.569999999999999840e+00,9.249999999999999334e-01
2.569999999999999840e+00,4.399999999999995026e-01
2.575000000000000178e+00,9.199999999999999289e-01
2.575000000000000178e+00,4.399999999999995026e-01
2.580000000000000071e+00,9.199999999999999289e-01
2.580000000000000071e+00,4.399999999999995026e-01
2.584999999999999964e+00,9.199999999999999289e-01
2.584999999999999964e+00,4.399999999999995026e-01
2.584999999999999964e+00,4.349999999999994982e-01
2.589999999999999858e+00,9.199999999999999289e-01
2.589999999999999858e+00,4.349999999999994982e-01
2.595000000000000195e+00,9.199999999999999289e-01
2.595000000000000195e+00,4.349999999999994982e-01
2.600000000000000089e+00,9.199999999999999289e-01
2.600000000000000089e+00,4.349999999999994982e-01
2.600000000000000089e+00,4.299999999999994937e-01
2.604999999999999982e+00,9.199999999999999289e-01
2.604999999999999982e+00,4.299999999999994937e-01
2.609999999999999876e+00,9.199999999999999289e-01
2.609999999999999876e+00,4.299999999999994937e-01
2.609999999999999876e+00,9.149999999999999245e-01
2.615000000000000213e+00,9.199999999999999289e-01
2.615000000000000213e+00,9.149999999999999245e-01
2.615000000000000213e+00,4.299999999999994937e-01
2.620000000000000107e+00,9.149999999999999245e-01
2.620000000000000107e+00,4.299999999999994937e-01
2.620000000000000107e+00,4.249999999999994893e-01
2.625000000000000000e+00,9.149999999999999245e-01
2.625000000000000000e+00,4.249999999999994893e-01
2.629999999999999893e+00,4.249999999999994893e-01
2.629999999999999893e+00,9.149999999999999245e-01
2.635000000000000231e+00,4.249999999999994893e-01
2.635000000000000231e+00,9.149999999999999245e-01
2.640000000000000124e+00,9.149999999999999245e-01
2.640000000000000124e+00,4.199999999999994849e-01
2.645000000000000018e+00,4.199999999999994849e-01
2.645000000000000018e+00,9.149999999999999245e-01
2.649999999999999911e+00,4.199999999999994849e-01
2.649999999999999911e+00,9.149999999999999245e-01
2.655000000000000249e+00,4.199999999999994849e-01
2.655000000000000249e+00,9.099999999999999201e-01
2.655000000000000249e+00,9.149999999999999245e-01
2.655000000000000249e+00,4.149999999999994804e-01
2.660000000000000142e+00,9.099999999999999201e-01
2.660000000000000142e+00,9.149999999999999245e-01
2.660000000000000142e+00,4.149999999999994804e-01
2.665000000000000036e+00,9.099999999999999201e-01
2.665000000000000036e+00,9.149999999999999245e-01
2.665000000000000036e+00,4.149999999999994804e-01
2.669999999999999929e+00,9.099999999999999201e-01
2.669999999999999929e+00,4.149999999999994804e-01
2.675000000000000266e+00,9.099999999999999201e-01
2.675000000000000266e+00,4.099999999999994760e-01
2.680000000000000160e+00,4.099999999999994760e-01
2.680000000000000160e+00,9.099999999999999201e-01
2.685000000000000053e+00,4.099999999999994760e-01
2.685000000000000053e+00,9.099999999999999201e-01
2.689999999999999947e+00,4.099999999999994760e-01
2.689999999999999947e+00,9.099999999999999201e-01
2.689999999999999947e+00,4.049999999999994715e-01
2.694999999999999840e+00,9.099999999999999201e-01
2.694999999999999840e+00,4.049999999999994715e-01
2.700000000000000178e+00,4.049999999999994715e-01
2.700000000000000178e+00,9.049999999999999156e-01
2.700000000000000178e+00,9.099999999999999201e-01
2.705000000000000071e+00,9.049999999999999156e-01
2.705000000000000071e+00,9.099999999999999201e-01
2.705000000000000071e+00,4.049999999999994715e-01
2.709999999999999964e+00,9.049999999999999156e-01
2.709999999999999964e+00,9.099999999999999201e-01
2.709999999999999964e+00,4.049999999999994715e-01
2.709999999999999964e+00,3.999999999999994671e-01
2.714999999999999858e+00,9.049999999999999156e-01
2.714999999999999858e+00,3.999999999999994671e-01
2.720000000000000195e+00,3.999999999999994671e-01
2.720000000000000195e+00,9.049999999999999156e-01
2.725000000000000089e+00,3.999999999999994671e-01
2.725000000000000089e+00,9.049999999999999156e-01
2.725000000000000089e+00,3.949999999999994627e-01
2.729999999999999982e+00,9.049999999999999156e-01
2.729999999999999982e+00,3.949999999999994627e-01
2.734999999999999876e+00,9.049999999999999156e-01
2.734999999999999876e+00,3.949999999999994627e-01
2.740000000000000213e+00,9.049999999999999156e-01
2.740000000000000213e+00,3.949999999999994627e-01
2.745000000000000107e+00,9.049999999999999156e-01
2.745000000000000107e+00,3.949999999999994627e-01
2.745000000000000107e+00,8.999999999999999112e-01
2.745000000000000107e+00,3.899999999999994582e-01
2.750000000000000000e+00,9.049999999999999156e-01
2.750000000000000000e+00,8.999999999999999112e-01
2.750000000000000000e+00,3.899999999999994582e-01
2.754999999999999893e+00,9.049999999999999156e-01
2.754999999999999893e+00,8.999999999999999112e-01
2.754999999999999893e+00,3.899999999999994582e-01
2.760000000000000231e+00,8.999999999999999112e-01
2.760000000000000231e+00,3.899999999999994582e-01
2.760000000000000231e+00,3.849999999999994538e-01
2.765000000000000124e+00,8.999999999999999112e-01
2.765000000000000124e+00,3.849999999999994538e-01
2.770000000000000018e+00,3.849999999999994538e-01
2.770000000000000018e+00,8.999999999999999112e-01
2.774999999999999911e+00,3.849999999999994538e-01
2.774999999999999911e+00,8.999999999999999112e-01
2.780000000000000249e+00,3.849999999999994538e-01
2.780000000000000249e+00,8.999999999999999112e-01
2.780000000000000249e+00,3.799999999999994493e-01
2.785000000000000142e+00,8.999999999999999112e-01
2.785000000000000142e+00,3.799999999999994493e-01
2.790000000000000036e+00,3.799999999999994493e-01
2.790000000000000036e+00,8.949999999999999067e-01
2.790000000000000036e+00,8.999999999999999112e-01
2.794999999999999929e+00,8.949999999999999067e-01
2.794999999999999929e+00,8.999999999999999112e-01
2.794999999999999929e+00,3.799999999999994493e-01
2.794999999999999929e+00,3.749999999999994449e-01
2.800000000000000266e+00,8.949999999999999067e-01
2.800000000000000266e+00,3.749999999999994449e-01
2.805000000000000160e+00,3.749999999999994449e-01
2.805000000000000160e+00,8.949999999999999067e-01
2.810000000000000053e+00,3.749999999999994449e-01
2.810000000000000053e+00,8.949999999999999067e-01
2.814999999999999947e+00,3.749999999999994449e-01
2.814999999999999947e+00,8.949999999999999067e-01
2.814999999999999947e+00,3.699999999999994404e-01
2.819999999999999840e+00,8.949999999999999067e-01
2.819999999999999840e+00,3.699999999999994404e-01
2.825000000000000178e+00,3.699999999999994404e-01
2.825000000000000178e+00,8.949999999999999067e-01
2.830000000000000071e+00,3.699999999999994404e-01
2.830000000000000071e+00,8.949999999999999067e-01
2.834999999999999964e+00,8.899999999999999023e-01
2.834999999999999964e+00,8.949999999999999067e-01
2.834999999999999964e+00,3.649999999999994360e-01
2.839999999999999858e+00,8.899999999999999023e-01
2.839999999999999858e+00,8.949999999999999067e-01
2.839999999999999858e+00,3.649999999999994360e-01
2.845000000000000195e+00,8.899999999999999023e-01
2.845000000000000195e+00,3.649999999999994360e-01
2.850000000000000089e+00,8.899999999999999023e-01
2.850000000000000089e+00,3.649999999999994360e-01
2.850000000000000089e+00,3.599999999999994316e-01
2.854999999999999982e+00,8.899999999999999023e-01
2.854999999999999982e+00,3.599999999999994316e-01
2.859999999999999876e+00,8.899999999999999023e-01
2.859999999999999876e+00,3.599999999999994316e-01
2.865000000000000213e+00,8.899999999999999023e-01
2.865000000000000213e+00,3.599999999999994316e-01
2.870000000000000107e+00,8.899999999999999023e-01
2.870000000000000107e+00,3.549999999999994271e-01
2.875000000000000000e+00,3.549999999999994271e-01
2.875000000000000000e+00,8.899999999999999023e-01
2.879999999999999893e+00,8.849999999999998979e-01
2.879999999999999893e+00,3.549999999999994271e-01
2.879999999999999893e+00,8.899999999999999023e-01
2.885000000000000231e+00,8.849999999999998979e-01
2.885000000000000231e+00,8.899999999999999023e-01
2.885000000000000231e+00,3.549999999999994271e-01
2.885000000000000231e+00,3.499999999999994227e-01
2.890000000000000124e+00,8.849999999999998979e-01
2.890000000000000124e+00,3.499999999999994227e-01
2.895000000000000018e+00,8.849999999999998979e-01
2.895000000000000018e+00,3.499999999999994227e-01
2.899999999999999911e+00,8.849999999999998979e-01
2.899999999999999911e+00,3.499999999999994227e-01
2.905000000000000249e+00,8.849999999999998979e-01
2.905000000000000249e+00,3.449999999999994182e-01
2.910000000000000142e+00,8.849999999999998979e-01
2.910000000000000142e+00,3.449999999999994182e-01
2.915000000000000036e+00,8.849999999999998979e-01
2.915000000000000036e+00,3.449999999999994182e-01
2.919999999999999929e+00,8.849999999999998979e-01
2.919999999999999929e+00,8.799999999999998934e-01
2.919999999999999929e+00,3.449999999999994182e-01
2.919999999999999929e+00,3.399999999999994138e-01
2.925000000000000266e+00,8.849999999999998979e-01
2.925000000000000266e+00,8.799999999999998934e-01
2.925000000000000266e+00,3.399999999999994138e-01
2.930000000000000160e+00,8.799999999999998934e-01
2.930000000000000160e+00,3.399999999999994138e-01
2.935000000000000053e+00,8.799999999999998934e-01
2.935000000000000053e+00,3.399999999999994138e-01
2.939999999999999947e+00,8.799999999999998934e-01
2.939999999999999947e+00,3.349999999999994094e-01
2.944999999999999840e+00,3.349999999999994094e-01
2.944999999999999840e+00,8.799999999999998934e-01
2.950000000000000178e+00,3.349999999999994094e-01
2.950000000000000178e+00,8.799999999999998934e-01
2.955000000000000071e+00,3.349999999999994094e-01
2.955000000000000071e+00,8.799999999999998934e-01
2.955000000000000071e+00,3.299999999999994049e-01
2.959999999999999964e+00,8.799999999999998934e-01
2.959999999999999964e+00,8.749999999999998890e-01
2.959999999999999964e+00,3.299999999999994049e-01
2.964999999999999858e+00,8.799999999999998934e-01
2.964999999999999858e+00,8.749999999999998890e-01
2.964999999999999858e+00,3.299999999999994049e-01
2.970000000000000195e+00,8.749999999999998890e-01
2.970000000000000195e+00,3.299999999999994049e-01
2.975000000000000089e+00,8.749999999999998890e-01
2.975000000000000089e+00,3.249999999999994005e-01
2.979999999999999982e+00,8.749999999999998890e-01
2.979999999999999982e+00,3.249999999999994005e-01
2.984999999999999876e+00,8.749999999999998890e-01
2.984999999999999876e+00,3.249999999999994005e-01
2.990000000000000213e+00,8.749999999999998890e-01
2.990000000000000213e+00,3.249999999999994005e-01
2.990000000000000213e+00,3.199999999999993960e-01
2.995000000000000107e+00,8.749999999999998890e-01
2.995000000000000107e+00,3.199999999999993960e-01
3.000000000000000000e+00,8.699999999999998845e-01
3.000000000000000000e+00,3.199999999999993960e-01
3.000000000000000000e+00,8.749999999999998890e-01
3.004999999999999893e+00,8.699999999999998845e-01
3.004999999999999893e+00,8.749999999999998890e-01
3.004999999999999893e+00,3.199999999999993960e-01
3.010000000000000231e+00,8.699999999999998845e-01
3.010000000000000231e+00,3.149999999999993916e-01
3.015000000000000124e+00,3.149999999999993916e-01
3.015000000000000124e+00,8.699999999999998845e-01
3.020000000000000018e+00,3.149999999999993916e-01
3.020000000000000018e+00,8.699999999999998845e-01
3.024999999999999911e+00,3.149999999999993916e-01
3.024999999999999911e+00,8.699999999999998845e-01
3.024999999999999911e+00,3.099999999999993872e-01
3.030000000000000249e+00,8.699999999999998845e-01
3.030000000000000249e+00,3.099999999999993872e-01
3.035000000000000142e+00,8.699999999999998845e-01
3.035000000000000142e+00,3.099999999999993872e-01
3.040000000000000036e+00,8.699999999999998845e-01
3.040000000000000036e+00,8.649999999999998801e-01
3.040000000000000036e+00,3.099999999999993872e-01
3.044999999999999929e+00,8.699999999999998845e-01
3.044999999999999929e+00,8.649999999999998801e-01
3.044999999999999929e+00,3.049999999999993827e-01
3.050000000000000266e+00,8.649999999999998801e-01
3.050000000000000266e+00,3.049999999999993827e-01
3.055000000000000160e+00,3.049999999999993827e-01
3.055000000000000160e+00,8.649999999999998801e-01
3.060000000000000053e+00,3.049999999999993827e-01
3.060000000000000053e+00,8.649999999999998801e-01
3.060000000000000053e+00,2.999999999999993783e-01
3.064999999999999947e+00,8.649999999999998801e-01
3.064999999999999947e+00,2.999999999999993783e-01
3.070000000000000284e+00,2.999999999999993783e-01
3.070000000000000284e+00,8.649999999999998801e-01
3.075000000000000178e+00,2.999999999999993783e-01
3.075000000000000178e+00,8.649999999999998801e-01
3.080000000000000071e+00,8.649999999999998801e-01
3.080000000000000071e+00,8.599999999999998757e-01
3.080000000000000071e+00,2.949999999999993738e-01
3.084999999999999964e+00,8.649999999999998801e-01
3.084999999999999964e+00,8.599999999999998757e-01
3.084999999999999964e+00,2.949999999999993738e-01
3.089999999999999858e+00,8.599999999999998757e-01
3.089999999999999858e+00,2.949999999999993738e-01
3.095000000000000195e+00,2.949999999999993738e-01
3.095000000000000195e+00,8.599999999999998757e-01
3.095000000000000195e+00,2.899999999999993694e-01
3.100000000000000089e+00,8.599999999999998757e-01
3.100000000000000089e+00,2.899999999999993694e-01
3.104999999999999982e+00,2.899999999999993694e-01
3.104999999999999982e+00,8.599999999999998757e-01
3.109999999999999876e+00,2.899999999999993694e-01
3.109999999999999876e+00,8.599999999999998757e-01
3.109999999999999876e+00,2.849999999999993650e-01
3.115000000000000213e+00,8.599999999999998757e-01
3.115000000000000213e+00,2.849999999999993650e-01
3.120000000000000107e+00,2.849999999999993650e-01
3.120000000000000107e+00,8.549999999999998712e-01
3.120000000000000107e+00,8.599999999999998757e-01
3.125000000000000000e+00,8.549999999999998712e-01
3.125000000000000000e+00,8.599999999999998757e-01
3.125000000000000000e+00,2.849999999999993650e-01
3.129999999999999893e+00,8.549999999999998712e-01
3.129999999999999893e+00,2.849999999999993650e-01
3.129999999999999893e+00,2.799999999999993605e-01
3.135000000000000231e+00,8.549999999999998712e-01
3.135000000000000231e+00,2.799999999999993605e-01
3.140000000000000124e+00,8.549999999999998712e-01
3.140000000000000124e+00,2.799999999999993605e-01
3.145000000000000018e+00,8.549999999999998712e-01
3.145000000000000018e+00,2.799999999999993605e-01
3.145000000000000018e+00,2.749999999999993561e-01
3.149999999999999911e+00,8.549999999999998712e-01
3.149999999999999911e+00,2.749999999999993561e-01
3.155000000000000249e+00,8.549999999999998712e-01
3.155000000000000249e+00,2.749999999999993561e-01
3.160000000000000142e+00,8.499999999999998668e-01
3.160000000000000142e+00,8.549999999999998712e-01
3.160000000000000142e+00,2.749999999999993561e-01
3.165000000000000036e+00,8.499999999999998668e-01
3.165000000000000036e+00,8.549999999999998712e-01
3.165000000000000036e+00,2.749999999999993561e-01
3.165000000000000036e+00,2.699999999999993516e-01
3.169999999999999929e+00,8.499999999999998668e-01
3.169999999999999929e+00,2.699999999999993516e-01
3.175000000000000266e+00,8.499999999999998668e-01
3.175000000000000266e+00,2.699999999999993516e-01
3.180000000000000160e+00,8.499999999999998668e-01
3.180000000000000160e+00,2.699999999999993516e-01
3.180000000000000160e+00,2.649999999999993472e-01
3.185000000000000053e+00,8.499999999999998668e-01
3.185000000000000053e+00,2.649999999999993472e-01
3.189999999999999947e+00,8.499999999999998668e-01
3.189999999999999947e+00,2.649999999999993472e-01
3.195000000000000284e+00,8.499999999999998668e-01
3.195000000000000284e+00,2.649999999999993472e-01
3.195000000000000284e+00,8.449999999999998623e-01
3.200000000000000178e+00,8.499999999999998668e-01
3.200000000000000178e+00,8.449999999999998623e-01
3.200000000000000178e+00,2.599999999999993427e-01
3.205000000000000071e+00,8.449999999999998623e-01
3.205000000000000071e+00,2.599999999999993427e-01
3.209999999999999964e+00,2.599999999999993427e-01
3.209999999999999964e+00,8.449999999999998623e-01
3.214999999999999858e+00,2.599999999999993427e-01
3.214999999999999858e+00,8.449999999999998623e-01
3.214999999999999858e+00,2.549999999999993383e-01
3.220000000000000195e+00,8.449999999999998623e-01
3.220000000000000195e+00,2.549999999999993383e-01
3.225000000000000089e+00,2.549999999999993383e-01
3.225000000000000089e+00,8.449999999999998623e-01
3.229999999999999982e+00,2.549999999999993383e-01
3.229999999999999982e+00,8.449999999999998623e-01
3.234999999999999876e+00,8.399999999999998579e-01
3.234999999999999876e+00,8.449999999999998623e-01
3.234999999999999876e+00,2.499999999999993339e-01
3.240000000000000213e+00,8.399999999999998579e-01
3.240000000000000213e+00,8.449999999999998623e-01
3.240000000000000213e+00,2.499999999999993339e-01
3.245000000000000107e+00,8.399999999999998579e-01
3.245000000000000107e+00,2.499999999999993339e-01
3.250000000000000000e+00,2.499999999999993339e-01
3.250000000000000000e+00,8.399999999999998579e-01
3.250000000000000000e+00,2.449999999999993294e-01
3.254999999999999893e+00,9.949999999999999956e-01
3.254999999999999893e+00,8.399999999999998579e-01
3.254999999999999893e+00,2.449999999999993294e-01
3.260000000000000231e+00,9.949999999999999956e-01
3.260000000000000231e+00,2.449999999999993294e-01
3.260000000000000231e+00,8.399999999999998579e-01
3.265000000000000124e+00,9.949999999999999956e-01
3.265000000000000124e+00,2.449999999999993294e-01
3.265000000000000124e+00,8.399999999999998579e-01
3.270000000000000018e+00,9.949999999999999956e-01
3.270000000000000018e+00,8.349999999999998535e-01
3.270000000000000018e+00,8.399999999999998579e-01
3.270000000000000018e+00,2.399999999999993250e-01
3.274999999999999911e+00,9.949999999999999956e-01
3.274999999999999911e+00,8.349999999999998535e-01
3.274999999999999911e+00,8.399999999999998579e-01
3.274999999999999911e+00,2.399999999999993250e-01
3.280000000000000249e+00,9.949999999999999956e-01
3.280000000000000249e+00,8.349999999999998535e-01
3.280000000000000249e+00,2.399999999999993250e-01
3.285000000000000142e+00,9.949999999999999956e-01
3.285000000000000142e+00,8.349999999999998535e-01
3.285000000000000142e+00,2.399999999999993250e-01
3.285000000000000142e+00,2.349999999999993205e-01
3.290000000000000036e+00,9.949999999999999956e-01
3.290000000000000036e+00,8.349999999999998535e-01
3.290000000000000036e+00,2.349999999999993205e-01
3.294999999999999929e+00,9.949999999999999956e-01
3.294999999999999929e+00,8.349999999999998535e-01
3.294999999999999929e+00,2.349999999999993205e-01
3.300000000000000266e+00,9.949999999999999956e-01
3.300000000000000266e+00,8.349999999999998535e-01
3.300000000000000266e+00,2.349999999999993205e-01
3.300000000000000266e+00,2.299999999999993161e-01
3.305000000000000160e+00,9.949999999999999956e-01
3.305000000000000160e+00,8.349999999999998535e-01
3.305000000000000160e+00,2.299999999999993161e-01
3.310000000000000053e+00,9.949999999999999956e-01
3.310000000000000053e+00,8.349999999999998535e-01
3.310000000000000053e+00,8.299999999999998490e-01
3.310000000000000053e+00,2.299999999999993161e-01
3.314999999999999947e+00,9.949999999999999956e-01
3.314999999999999947e+00,8.299999999999998490e-01
3.314999999999999947e+00,2.299999999999993161e-01
3.320000000000000284e+00,9.949999999999999956e-01
3.320000000000000284e+00,8.299999999999998490e-01
3.320000000000000284e+00,2.249999999999993117e-01
3.325000000000000178e+00,9.949999999999999956e-01
3.325000000000000178e+00,8.299999999999998490e-01
3.325000000000000178e+00,2.249999999999993117e-01
3.330000000000000071e+00,9.949999999999999956e-01
3.330000000000000071e+00,8.299999999999998490e-01
3.330000000000000071e+00,2.249999999999993117e-01
3.334999999999999964e+00,9.949999999999999956e-01
3.334999999999999964e+00,8.299999999999998490e-01
3.334999999999999964e+00,2.249999999999993117e-01
3.334999999999999964e+00,2.199999999999993072e-01
3.339999999999999858e+00,9.949999999999999956e-01
3.339999999999999858e+00,8.299999999999998490e-01
3.339999999999999858e+00,2.199999999999993072e-01
3.345000000000000195e+00,9.949999999999999956e-01
3.345000000000000195e+00,2.199999999999993072e-01
3.345000000000000195e+00,8.299999999999998490e-01
3.345000000000000195e+00,8.249999999999998446e-01
3.350000000000000089e+00,9.949999999999999956e-01
3.350000000000000089e+00,8.299999999999998490e-01
3.350000000000000089e+00,8.249999999999998446e-01
3.350000000000000089e+00,2.199999999999993072e-01
3.354999999999999982e+00,9.949999999999999956e-01
3.354999999999999982e+00,8.249999999999998446e-01
3.354999999999999982e+00,2.149999999999993028e-01
3.359999999999999876e+00,9.949999999999999956e-01
3.359999999999999876e+00,2.149999999999993028e-01
3.359999999999999876e+00,8.249999999999998446e-01
3.365000000000000213e+00,9.949999999999999956e-01
3.365000000000000213e+00,2.149999999999993028e-01
3.365000000000000213e+00,8.249999999999998446e-01
3.370000000000000107e+00,9.949999999999999956e-01
3.370000000000000107e+00,2.149999999999993028e-01
3.370000000000000107e+00,8.249999999999998446e-01
3.370000000000000107e+00,2.099999999999992983e-01
3.375000000000000000e+00,9.949999999999999956e-01
3.375000000000000000e+00,8.249999999999998446e-01
3.375000000000000000e+00,2.099999999999992983e-01
3.379999999999999893e+00,9.949999999999999956e-01
3.379999999999999893e+00,2.099999999999992983e-01
3.379999999999999893e+00,8.199999999999998401e-01
3.379999999999999893e+00,8.249999999999998446e-01
3.385000000000000231e+00,9.949999999999999956e-01
3.385000000000000231e+00,8.199999999999998401e-01
3.385000000000000231e+00,8.249999999999998446e-01
3.385000000000000231e+00,2.099999999999992983e-01
3.390000000000000124e+00,9.949999999999999956e-01
3.390000000000000124e+00,8.199999999999998401e-01
3.390000000000000124e+00,2.049999999999992939e-01
3.395000000000000018e+00,9.949999999999999956e-01
3.395000000000000018e+00,8.199999999999998401e-01
3.395000000000000018e+00,2.049999999999992939e-01
3.399999999999999911e+00,9.949999999999999956e-01
3.399999999999999911e+00,8.199999999999998401e-01
3.399999999999999911e+00,2.049999999999992939e-01
3.405000000000000249e+00,9.949999999999999956e-01
3.405000000000000249e+00,8.199999999999998401e-01
3.405000000000000249e+00,2.049999999999992939e-01
3.405000000000000249e+00,1.999999999999992895e-01
3.410000000000000142e+00,9.949999999999999956e-01
3.410000000000000142e+00,8.199999999999998401e-01
3.410000000000000142e+00,1.999999999999992895e-01
3.415000000000000036e+00,9.949999999999999956e-01
3.415000000000000036e+00,8.149999999999998357e-01
3.415000000000000036e+00,8.199999999999998401e-01
3.415000000000000036e+00,1.999999999999992895e-01
3.419999999999999929e+00,9.949999999999999956e-01
3.419999999999999929e+00,8.149999999999998357e-01
3.419999999999999929e+00,8.199999999999998401e-01
3.419999999999999929e+00,1.999999999999992895e-01
3.419999999999999929e+00,1.949999999999992850e-01
3.425000000000000266e+00,9.949999999999999956e-01
3.425000000000000266e+00,8.149999999999998357e-01
3.425000000000000266e+00,1.949999999999992850e-01
3.430000000000000160e+00,9.949999999999999956e-01
3.430000000000000160e+00,8.149999999999998357e-01
3.430000000000000160e+00,1.949999999999992850e-01
3.435000000000000053e+00,9.949999999999999956e-01
3.435000000000000053e+00,8.149999999999998357e-01
3.435000000000000053e+00,1.949999999999992850e-01
3.439999999999999947e+00,9.949999999999999956e-01
3.439999999999999947e+00,8.149999999999998357e-01
3.439999999999999947e+00,1.899999999999992806e-01
3.445000000000000284e+00,9.949999999999999956e-01
3.445000000000000284e+00,8.149999999999998357e-01
3.445000000000000284e+00,1.899999999999992806e-01
3.450000000000000178e+00,9.949999999999999956e-01
3.450000000000000178e+00,9.899999999999999911e-01
3.450000000000000178e+00,8.149999999999998357e-01
3.450000000000000178e+00,8.099999999999998312e-01
3.450000000000000178e+00,1.899999999999992806e-01
3.455000000000000071e+00,9.949999999999999956e-01
3.455000000000000071e+00,9.899999999999999911e-01
3.455000000000000071e+00,8.149999999999998357e-01
3.455000000000000071e+00,8.099999999999998312e-01
3.455000000000000071e+00,1.899999999999992806e-01
3.455000000000000071e+00,1.849999999999992761e-01
3.459999999999999964e+00,9.949999999999999956e-01
3.459999999999999964e+00,9.899999999999999911e-01
3.459999999999999964e+00,8.099999999999998312e-01
3.459999999999999964e+00,1.849999999999992761e-01
3.464999999999999858e+00,9.949999999999999956e-01
3.464999999999999858e+00,9.899999999999999911e-01
3.464999999999999858e+00,8.099999999999998312e-01
3.464999999999999858e+00,1.849999999999992761e-01
3.470000000000000195e+00,9.949999999999999956e-01
3.470000000000000195e+00,9.899999999999999911e-01
3.470000000000000195e+00,8.099999999999998312e-01
3.470000000000000195e+00,1.849999999999992761e-01
3.475000000000000089e+00,9.949999999999999956e-01
3.475000000000000089e+00,9.899999999999999911e-01
3.475000000000000089e+00,8.099999999999998312e-01
3.475000000000000089e+00,1.799999999999992717e-01
3.479999999999999982e+00,9.949999999999999956e-01
3.479999999999999982e+00,9.899999999999999911e-01
3.479999999999999982e+00,8.099999999999998312e-01
3.479999999999999982e+00,1.799999999999992717e-01
3.484999999999999876e+00,9.949999999999999956e-01
3.484999999999999876e+00,9.899999999999999911e-01
3.484999999999999876e+00,8.099999999999998312e-01
3.484999999999999876e+00,8.049999999999998268e-01
3.484999999999999876e+00,1.799999999999992717e-01
3.490000000000000213e+00,9.949999999999999956e-01
3.490000000000000213e+00,9.899999999999999911e-01
3.490000000000000213e+00,8.099999999999998312e-01
3.490000000000000213e+00,8.049999999999998268e-01
3.490000000000000213e+00,1.799999999999992717e-01
3.490000000000000213e+00,1.749999999999992673e-01
3.495000000000000107e+00,9.899999999999999911e-01
3.495000000000000107e+00,8.049999999999998268e-01
3.495000000000000107e+00,1.749999999999992673e-01
3.500000000000000000e+00,9.899999999999999911e-01
3.500000000000000000e+00,8.049999999999998268e-01
3.500000000000000000e+00,1.749999999999992673e-01
3.504999999999999893e+00,9.899999999999999911e-01
3.504999999999999893e+00,8.049999999999998268e-01
3.504999999999999893e+00,1.749999999999992673e-01
3.504999999999999893e+00,1.699999999999992628e-01
3.510000000000000231e+00,9.899999999999999911e-01
3.510000000000000231e+00,8.049999999999998268e-01
3.510000000000000231e+00,1.699999999999992628e-01
3.515000000000000124e+00,9.899999999999999911e-01
3.515000000000000124e+00,8.049999999999998268e-01
3.515000000000000124e+00,1.699999999999992628e-01
3.520000000000000018e+00,9.899999999999999911e-01
3.520000000000000018e+00,7.999999999999998224e-01
3.520000000000000018e+00,8.049999999999998268e-01
3.520000000000000018e+00,1.699999999999992628e-01
3.524999999999999911e+00,9.899999999999999911e-01
3.524999999999999911e+00,7.999999999999998224e-01
3.524999999999999911e+00,8.049999999999998268e-01
3.524999999999999911e+00,1.649999999999992584e-01
3.530000000000000249e+00,9.899999999999999911e-01
3.530000000000000249e+00,7.999999999999998224e-01
3.530000000000000249e+00,1.649999999999992584e-01
3.535000000000000142e+00,9.899999999999999911e-01
3.535000000000000142e+00,7.999999999999998224e-01
3.535000000000000142e+00,1.649999999999992584e-01
3.540000000000000036e+00,9.899999999999999911e-01
3.540000000000000036e+00,7.999999999999998224e-01
3.540000000000000036e+00,1.649999999999992584e-01
3.540000000000000036e+00,1.599999999999992539e-01
3.544999999999999929e+00,9.899999999999999911e-01
3.544999999999999929e+00,7.999999999999998224e-01
3.544999999999999929e+00,1.599999999999992539e-01
3.550000000000000266e+00,9.899999999999999911e-01
3.550000000000000266e+00,7.999999999999998224e-01
3.550000000000000266e+00,1.599999999999992539e-01
3.555000000000000160e+00,9.899999999999999911e-01
3.555000000000000160e+00,7.949999999999998179e-01
3.555000000000000160e+00,7.999999999999998224e-01
3.555000000000000160e+00,1.599999999999992539e-01
3.560000000000000053e+00,9.899999999999999911e-01
3.560000000000000053e+00,7.949999999999998179e-01
3.560000000000000053e+00,7.999999999999998224e-01
3.560000000000000053e+00,1.549999999999992495e-01
3.564999999999999947e+00,9.899999999999999911e-01
3.564999999999999947e+00,7.949999999999998179e-01
3.564999999999999947e+00,1.549999999999992495e-01
3.570000000000000284e+00,9.899999999999999911e-01
3.570000000000000284e+00,7.949999999999998179e-01
3.570000000000000284e+00,1.549999999999992495e-01
3.575000000000000178e+00,9.899999999999999911e-01
3.575000000000000178e+00,7.949999999999998179e-01
3.575000000000000178e+00,1.549999999999992495e-01
3.575000000000000178e+00,1.499999999999992450e-01
3.580000000000000071e+00,9.899999999999999911e-01
3.580000000000000071e+00,7.949999999999998179e-01
3.580000000000000071e+00,1.499999999999992450e-01
3.584999999999999964e+00,9.899999999999999911e-01
3.584999999999999964e+00,7.949999999999998179e-01
3.584999999999999964e+00,1.499999999999992450e-01
3.589999999999999858e+00,9.899999999999999911e-01
3.589999999999999858e+00,7.949999999999998179e-01
3.589999999999999858e+00,7.899999999999998135e-01
3.589999999999999858e+00,1.499999999999992450e-01
3.589999999999999858e+00,1.449999999999992406e-01
3.595000000000000195e+00,9.899999999999999911e-01
3.595000000000000195e+00,7.949999999999998179e-01
3.595000000000000195e+00,7.899999999999998135e-01
3.595000000000000195e+00,1.449999999999992406e-01
3.600000000000000089e+00,9.899999999999999911e-01
3.600000000000000089e+00,7.899999999999998135e-01
3.600000000000000089e+00,1.449999999999992406e-01
3.604999999999999982e+00,9.899999999999999911e-01
3.604999999999999982e+00,7.899999999999998135e-01
3.604999999999999982e+00,9.849999999999999867e-01
3.604999999999999982e+00,1.449999999999992406e-01
3.609999999999999876e+00,9.899999999999999911e-01
3.609999999999999876e+00,7.899999999999998135e-01
3.609999999999999876e+00,9.849999999999999867e-01
3.609999999999999876e+00,1.399999999999992362e-01
3.615000000000000213e+00,9.899999999999999911e-01
3.615000000000000213e+00,7.899999999999998135e-01
3.615000000000000213e+00,9.849999999999999867e-01
3.615000000000000213e+00,1.399999999999992362e-01
3.620000000000000107e+00,9.899999999999999911e-01
3.620000000000000107e+00,7.899999999999998135e-01
3.620000000000000107e+00,9.849999999999999867e-01
3.620000000000000107e+00,1.399999999999992362e-01
3.625000000000000000e+00,9.899999999999999911e-01
3.625000000000000000e+00,7.899999999999998135e-01
3.625000000000000000e+00,9.849999999999999867e-01
3.625000000000000000e+00,7.849999999999998090e-01
3.625000000000000000e+00,1.399999999999992362e-01
3.625000000000000000e+00,1.349999999999992317e-01
3.629999999999999893e+00,9.899999999999999911e-01
3.629999999999999893e+00,9.849999999999999867e-01
3.629999999999999893e+00,7.849999999999998090e-01
3.629999999999999893e+00,1.349999999999992317e-01
3.635000000000000231e+00,9.899999999999999911e-01
3.635000000000000231e+00,7.849999999999998090e-01
3.635000000000000231e+00,9.849999999999999867e-01
3.635000000000000231e+00,1.349999999999992317e-01
3.640000000000000124e+00,7.849999999999998090e-01
3.640000000000000124e+00,9.849999999999999867e-01
3.640000000000000124e+00,1.349999999999992317e-01
3.645000000000000018e+00,7.849999999999998090e-01
3.645000000000000018e+00,9.849999999999999867e-01
3.645000000000000018e+00,1.299999999999992273e-01
3.649999999999999911e+00,7.849999999999998090e-01
3.649999999999999911e+00,9.849999999999999867e-01
3.649999999999999911e+00,1.299999999999992273e-01
3.655000000000000249e+00,7.849999999999998090e-01
3.655000000000000249e+00,9.849999999999999867e-01
3.655000000000000249e+00,1.299999999999992273e-01
3.660000000000000142e+00,7.849999999999998090e-01
3.660000000000000142e+00,9.849999999999999867e-01
3.660000000000000142e+00,7.799999999999998046e-01
3.660000000000000142e+00,1.249999999999992228e-01
3.665000000000000036e+00,9.849999999999999867e-01
3.665000000000000036e+00,7.799999999999998046e-01
3.665000000000000036e+00,1.249999999999992228e-01
3.669999999999999929e+00,7.799999999999998046e-01
3.669999999999999929e+00,9.849999999999999867e-01
3.669999999999999929e+00,1.249999999999992228e-01
3.675000000000000266e+00,7.799999999999998046e-01
3.675000000000000266e+00,9.849999999999999867e-01
3.675000000000000266e+00,1.249999999999992228e-01
3.675000000000000266e+00,1.199999999999992184e-01
3.680000000000000160e+00,7.799999999999998046e-01
3.680000000000000160e+00,9.849999999999999867e-01
3.680000000000000160e+00,1.199999999999992184e-01
3.685000000000000053e+00,7.799999999999998046e-01
3.685000000000000053e+00,9.849999999999999867e-01
3.685000000000000053e+00,1.199999999999992184e-01
3.689999999999999947e+00,7.799999999999998046e-01
3.689999999999999947e+00,9.849999999999999867e-01
3.689999999999999947e+00,7.749999999999998002e-01
3.689999999999999947e+00,1.199999999999992184e-01
3.695000000000000284e+00,7.799999999999998046e-01
3.695000000000000284e+00,9.849999999999999867e-01
3.695000000000000284e+00,7.749999999999998002e-01
3.695000000000000284e+00,1.149999999999992140e-01
3.700000000000000178e+00,9.849999999999999867e-01
3.700000000000000178e+00,7.749999999999998002e-01
3.700000000000000178e+00,1.149999999999992140e-01
3.705000000000000071e+00,7.749999999999998002e-01
3.705000000000000071e+00,9.849999999999999867e-01
3.705000000000000071e+00,1.149999999999992140e-01
3.709999999999999964e+00,7.749999999999998002e-01
3.709999999999999964e+00,9.849999999999999867e-01
3.709999999999999964e+00,1.149999999999992140e-01
3.709999999999999964e+00,1.099999999999992095e-01
3.714999999999999858e+00,7.749999999999998002e-01
3.714999999999999858e+00,9.849999999999999867e-01
3.714999999999999858e+00,1.099999999999992095e-01
3.720000000000000195e+00,7.749999999999998002e-01
3.720000000000000195e+00,9.849999999999999867e-01
3.720000000000000195e+00,1.099999999999992095e-01
3.725000000000000089e+00,7.749999999999998002e-01
3.725000000000000089e+00,9.849999999999999867e-01
3.725000000000000089e+00,7.699999999999997957e-01
3.725000000000000089e+00,1.099999999999992095e-01
3.725000000000000089e+00,1.049999999999992051e-01
3.729999999999999982e+00,9.799999999999999822e-01
3.729999999999999982e+00,9.849999999999999867e-01
3.729999999999999982e+00,7.699999999999997957e-01
3.729999999999999982e+00,1.049999999999992051e-01
3.734999999999999876e+00,9.799999999999999822e-01
3.734999999999999876e+00,9.849999999999999867e-01
3.734999999999999876e+00,7.699999999999997957e-01
3.734999999999999876e+00,1.049999999999992051e-01
3.740000000000000213e+00,9.799999999999999822e-01
3.740000000000000213e+00,9.849999999999999867e-01
3.740000000000000213e+00,7.699999999999997957e-01
3.740000000000000213e+00,1.049999999999992051e-01
3.745000000000000107e+00,9.799999999999999822e-01
3.745000000000000107e+00,9.849999999999999867e-01
3.745000000000000107e+00,7.699999999999997957e-01
3.745000000000000107e+00,9.999999999999920064e-02
3.750000000000000000e+00,9.799999999999999822e-01
3.750000000000000000e+00,9.849999999999999867e-01
3.750000000000000000e+00,7.699999999999997957e-01
3.750000000000000000e+00,9.999999999999920064e-02
3.754999999999999893e+00,9.799999999999999822e-01
3.754999999999999893e+00,9.849999999999999867e-01
3.754999999999999893e+00,7.699999999999997957e-01
3.754999999999999893e+00,7.649999999999997913e-01
3.754999999999999893e+00,9.999999999999920064e-02
3.760000000000000231e+00,9.799999999999999822e-01
3.760000000000000231e+00,9.849999999999999867e-01
3.760000000000000231e+00,7.699999999999997957e-01
3.760000000000000231e+00,7.649999999999997913e-01
3.760000000000000231e+00,9.999999999999920064e-02
3.760000000000000231e+00,9.499999999999919620e-02
3.765000000000000124e+00,9.799999999999999822e-01
3.765000000000000124e+00,7.649999999999997913e-01
3.765000000000000124e+00,9.499999999999919620e-02
3.770000000000000018e+00,7.649999999999997913e-01
3.770000000000000018e+00,9.799999999999999822e-01
3.770000000000000018e+00,9.499999999999919620e-02
3.774999999999999911e+00,7.649999999999997913e-01
3.774999999999999911e+00,9.799999999999999822e-01
3.774999999999999911e+00,9.499999999999919620e-02
3.774999999999999911e+00,8.999999999999919176e-02
3.780000000000000249e+00,7.649999999999997913e-01
3.780000000000000249e+00,9.799999999999999822e-01
3.780000000000000249e+00,8.999999999999919176e-02
3.785000000000000142e+00,7.649999999999997913e-01
3.785000000000000142e+00,9.799999999999999822e-01
3.785000000000000142e+00,8.999999999999919176e-02
3.790000000000000036e+00,7.649999999999997913e-01
3.790000000000000036e+00,9.799999999999999822e-01
3.790000000000000036e+00,7.599999999999997868e-01
3.790000000000000036e+00,8.999999999999919176e-02
3.794999999999999929e+00,9.799999999999999822e-01
3.794999999999999929e+00,7.599999999999997868e-01
3.794999999999999929e+00,8.499999999999918732e-02
3.800000000000000266e+00,7.599999999999997868e-01
3.800000000000000266e+00,9.799999999999999822e-01
3.800000000000000266e+00,8.499999999999918732e-02
3.805000000000000160e+00,7.599999999999997868e-01
3.805000000000000160e+00,9.799999999999999822e-01
3.805000000000000160e+00,8.499999999999918732e-02
3.810000000000000053e+00,7.599999999999997868e-01
3.810000000000000053e+00,9.799999999999999822e-01
3.810000000000000053e+00,8.499999999999918732e-02
3.810000000000000053e+00,7.999999999999918288e-02
3.814999999999999947e+00,7.599999999999997868e-01
3.814999999999999947e+00,9.799999999999999822e-01
3.814999999999999947e+00,7.999999999999918288e-02
3.820000000000000284e+00,7.599999999999997868e-01
3.820000000000000284e+00,9.799999999999999822e-01
3.820000000000000284e+00,7.549999999999997824e-01
3.820000000000000284e+00,7.999999999999918288e-02
3.825000000000000178e+00,7.599999999999997868e-01
3.825000000000000178e+00,9.799999999999999822e-01
3.825000000000000178e+00,7.549999999999997824e-01
3.825000000000000178e+00,7.999999999999918288e-02
3.830000000000000071e+00,9.799999999999999822e-01
3.830000000000000071e+00,7.549999999999997824e-01
3.830000000000000071e+00,7.499999999999917843e-02
3.834999999999999964e+00,9.799999999999999822e-01
3.834999999999999964e+00,7.549999999999997824e-01
3.834999999999999964e+00,7.499999999999917843e-02
3.839999999999999858e+00,9.799999999999999822e-01
3.839999999999999858e+00,7.549999999999997824e-01
3.839999999999999858e+00,7.499999999999917843e-02
3.845000000000000195e+00,9.749999999999999778e-01
3.845000000000000195e+00,9.799999999999999822e-01
3.845000000000000195e+00,7.549999999999997824e-01
3.845000000000000195e+00,6.999999999999917399e-02
3.850000000000000089e+00,9.749999999999999778e-01
3.850000000000000089e+00,9.799999999999999822e-01
3.850000000000000089e+00,7.549999999999997824e-01
3.850000000000000089e+00,6.999999999999917399e-02
3.854999999999999982e+00,9.749999999999999778e-01
3.854999999999999982e+00,9.799999999999999822e-01
3.854999999999999982e+00,7.549999999999997824e-01
3.854999999999999982e+00,7.499999999999997780e-01
3.854999999999999982e+00,6.999999999999917399e-02
3.859999999999999876e+00,9.749999999999999778e-01
3.859999999999999876e+00,9.799999999999999822e-01
3.859999999999999876e+00,7.499999999999997780e-01
3.859999999999999876e+00,6.999999999999917399e-02
3.859999999999999876e+00,6.499999999999916955e-02
3.865000000000000213e+00,9.749999999999999778e-01
3.865000000000000213e+00,9.799999999999999822e-01
3.865000000000000213e+00,7.499999999999997780e-01
3.865000000000000213e+00,6.499999999999916955e-02
3.870000000000000107e+00,9.749999999999999778e-01
3.870000000000000107e+00,9.799999999999999822e-01
3.870000000000000107e+00,7.499999999999997780e-01
3.870000000000000107e+00,6.499999999999916955e-02
3.875000000000000000e+00,9.749999999999999778e-01
3.875000000000000000e+00,7.499999999999997780e-01
3.875000000000000000e+00,6.499999999999916955e-02
3.879999999999999893e+00,9.749999999999999778e-01
3.879999999999999893e+00,7.499999999999997780e-01
3.879999999999999893e+00,5.999999999999917205e-02
3.885000000000000231e+00,9.749999999999999778e-01
3.885000000000000231e+00,7.499999999999997780e-01
3.885000000000000231e+00,7.449999999999997735e-01
3.885000000000000231e+00,5.999999999999917205e-02
3.890000000000000124e+00,9.749999999999999778e-01
3.890000000000000124e+00,7.499999999999997780e-01
3.890000000000000124e+00,7.449999999999997735e-01
3.890000000000000124e+00,5.999999999999917205e-02
3.895000000000000018e+00,9.749999999999999778e-01
3.895000000000000018e+00,7.449999999999997735e-01
3.895000000000000018e+00,5.499999999999917455e-02
3.899999999999999911e+00,9.749999999999999778e-01
3.899999999999999911e+00,7.449999999999997735e-01
3.899999999999999911e+00,5.499999999999917455e-02
3.905000000000000249e+00,9.749999999999999778e-01
3.905000000000000249e+00,7.449999999999997735e-01
3.905000000000000249e+00,5.499999999999917455e-02
3.910000000000000142e+00,9.749999999999999778e-01
3.910000000000000142e+00,7.449999999999997735e-01
3.910000000000000142e+00,5.499999999999917455e-02
3.910000000000000142e+00,4.999999999999917705e-02
3.915000000000000036e+00,9.749999999999999778e-01
3.915000000000000036e+00,7.449999999999997735e-01
3.915000000000000036e+00,4.999999999999917705e-02
3.919999999999999929e+00,9.749999999999999778e-01
3.919999999999999929e+00,7.449999999999997735e-01
3.919999999999999929e+00,7.399999999999997691e-01
3.919999999999999929e+00,4.999999999999917705e-02
3.925000000000000266e+00,9.749999999999999778e-01
3.925000000000000266e+00,7.399999999999997691e-01
3.925000000000000266e+00,4.999999999999917705e-02
3.930000000000000160e+00,9.749999999999999778e-01
3.930000000000000160e+00,7.399999999999997691e-01
3.930000000000000160e+00,4.499999999999917955e-02
3.935000000000000053e+00,9.749999999999999778e-01
3.935000000000000053e+00,7.399999999999997691e-01
3.935000000000000053e+00,4.499999999999917955e-02
3.939999999999999947e+00,9.749999999999999778e-01
3.939999999999999947e+00,7.399999999999997691e-01
3.939999999999999947e+00,4.499999999999917955e-02
3.945000000000000284e+00,9.749999999999999778e-01
3.945000000000000284e+00,7.399999999999997691e-01
3.945000000000000284e+00,4.499999999999917955e-02
3.945000000000000284e+00,3.999999999999918204e-02
3.950000000000000178e+00,9.749999999999999778e-01
3.950000000000000178e+00,7.399999999999997691e-01
3.950000000000000178e+00,9.699999999999999734e-01
3.950000000000000178e+00,7.349999999999997646e-01
3.950000000000000178e+00,3.999999999999918204e-02
3.955000000000000071e+00,9.749999999999999778e-01
3.955000000000000071e+00,9.699999999999999734e-01
3.955000000000000071e+00,7.349999999999997646e-01
3.955000000000000071e+00,3.999999999999918204e-02
3.959999999999999964e+00,9.749999999999999778e-01
3.959999999999999964e+00,9.699999999999999734e-01
3.959999999999999964e+00,7.349999999999997646e-01
3.959999999999999964e+00,3.499999999999918454e-02
3.959999999999999964e+00,3.999999999999918204e-02
3.965000000000000302e+00,9.749999999999999778e-01
3.965000000000000302e+00,9.699999999999999734e-01
3.965000000000000302e+00,7.349999999999997646e-01
3.965000000000000302e+00,3.499999999999918454e-02
3.970000000000000195e+00,9.749999999999999778e-01
3.970000000000000195e+00,9.699999999999999734e-01
3.970000000000000195e+00,7.349999999999997646e-01
3.970000000000000195e+00,3.499999999999918454e-02
3.975000000000000089e+00,9.699999999999999734e-01
3.975000000000000089e+00,7.349999999999997646e-01
3.975000000000000089e+00,3.499999999999918454e-02
3.979999999999999982e+00,7.349999999999997646e-01
3.979999999999999982e+00,9.699999999999999734e-01
3.979999999999999982e+00,7.299999999999997602e-01
3.979999999999999982e+00,2.999999999999918357e-02
3.984999999999999876e+00,7.349999999999997646e-01
3.984999999999999876e+00,9.699999999999999734e-01
3.984999999999999876e+00,7.299999999999997602e-01
3.984999999999999876e+00,2.999999999999918357e-02
3.990000000000000213e+00,9.699999999999999734e-01
3.990000000000000213e+00,7.299999999999997602e-01
3.990000000000000213e+00,2.999999999999918357e-02
3.995000000000000107e+00,7.299999999999997602e-01
3.995000000000000107e+00,9.699999999999999734e-01
3.995000000000000107e+00,2.999999999999918357e-02
3.995000000000000107e+00,2.499999999999918260e-02
